link_to_book/_text,cover_image/_alt,link_to_book,format/_text,link_to_book/_title,format,cover_image
"Le ciel, le soleil et le jour",Détails sur le produit,http://www.amazon.fr/ciel-soleil-jour-Jean-Pierre-VERDET/dp/B003B1EE8O/ref=sr_1_1/280-7845103-5146625?s=books&ie=UTF8&qid=1422600724&sr=1-1,Relié,"Le ciel, le soleil et le jour",http://www.amazon.fr/ciel-soleil-jour-Jean-Pierre-VERDET/dp/B003B1EE8O/ref=sr_1_1_twi_1/280-7845103-5146625?s=books&ie=UTF8&qid=1422600724&sr=1-1,http://ecx.images-amazon.com/images/I/51ewguL1m2L._AA200_.jpg
"Où est mon doudou ?: 6 volets à soulever, 7 sons à écouter",Détails sur le produit,http://www.amazon.fr/O%C3%B9-est-mon-doudou%C2%A0-soulever/dp/207065737X/ref=sr_1_2/280-7845103-5146625?s=books&ie=UTF8&qid=1422600724&sr=1-2,Relié,"Où est mon doudou ?: 6 volets à soulever, 7 sons à écouter",http://www.amazon.fr/O%C3%B9-est-mon-doudou%C2%A0-soulever/dp/207065737X/ref=sr_1_2_twi_1/280-7845103-5146625?s=books&ie=UTF8&qid=1422600724&sr=1-2,http://ecx.images-amazon.com/images/I/51UBhL8lTiL._AA200_.jpg
Les plus belles histoires pour les enfants de 6 ans,Détails sur le produit,http://www.amazon.fr/plus-belles-histoires-pour-enfants/dp/2070660915/ref=sr_1_3/280-7845103-5146625?s=books&ie=UTF8&qid=1422600724&sr=1-3,Relié,Les plus belles histoires pour les enfants de 6 ans,http://www.amazon.fr/plus-belles-histoires-pour-enfants/dp/2070660915/ref=sr_1_3_twi_1/280-7845103-5146625?s=books&ie=UTF8&qid=1422600724&sr=1-3,http://ecx.images-amazon.com/images/I/51hIj-U-1YL._AA200_.jpg
Les 30 plus belles histoires pour les tout-petits,Détails sur le produit,http://www.amazon.fr/plus-belles-histoires-pour-tout-petits/dp/2070662756/ref=sr_1_4/280-7845103-5146625?s=books&ie=UTF8&qid=1422600724&sr=1-4,Relié,Les 30 plus belles histoires pour les tout-petits,http://www.amazon.fr/plus-belles-histoires-pour-tout-petits/dp/2070662756/ref=sr_1_4_twi_1/280-7845103-5146625?s=books&ie=UTF8&qid=1422600724&sr=1-4,http://ecx.images-amazon.com/images/I/418iKaHBwjL._AA200_.jpg
Le Trésor de l'enfance,Détails sur le produit,http://www.amazon.fr/Tr%C3%A9sor-lenfance-Collectif/dp/2070659259/ref=sr_1_5/280-7845103-5146625?s=books&ie=UTF8&qid=1422600724&sr=1-5,Relié,Le Trésor de l'enfance,http://www.amazon.fr/Tr%C3%A9sor-lenfance-Collectif/dp/2070659259/ref=sr_1_5_twi_1/280-7845103-5146625?s=books&ie=UTF8&qid=1422600724&sr=1-5,http://ecx.images-amazon.com/images/I/41XiooRuB2L._AA200_.jpg
Les 30 plus belles chansons françaises,Détails sur le produit,http://www.amazon.fr/30-plus-belles-chansons-fran%C3%A7aises/dp/2070659305/ref=sr_1_6/280-7845103-5146625?s=books&ie=UTF8&qid=1422600724&sr=1-6,Relié,Les 30 plus belles chansons françaises,http://www.amazon.fr/30-plus-belles-chansons-fran%C3%A7aises/dp/2070659305/ref=sr_1_6_twi_1/280-7845103-5146625?s=books&ie=UTF8&qid=1422600724&sr=1-6,http://ecx.images-amazon.com/images/I/51BbsDwLeHL._AA200_.jpg
Le tour du monde des tout-petits: Mon premier imagier interactif,Détails sur le produit,http://www.amazon.fr/tour-monde-tout-petits-premier-interactif/dp/2070659488/ref=sr_1_7/280-7845103-5146625?s=books&ie=UTF8&qid=1422600724&sr=1-7,Relié,Le tour du monde des tout-petits: Mon premier imagier interactif,http://www.amazon.fr/tour-monde-tout-petits-premier-interactif/dp/2070659488/ref=sr_1_7_twi_1/280-7845103-5146625?s=books&ie=UTF8&qid=1422600724&sr=1-7,http://ecx.images-amazon.com/images/I/518QXYC18dL._AA200_.jpg
Les 20 plus belles histoires à lire le soir,Détails sur le produit,http://www.amazon.fr/plus-belles-histoires-lire-soir/dp/2070659232/ref=sr_1_8/280-7845103-5146625?s=books&ie=UTF8&qid=1422600724&sr=1-8,Relié,Les 20 plus belles histoires à lire le soir,http://www.amazon.fr/plus-belles-histoires-lire-soir/dp/2070659232/ref=sr_1_8_twi_1/280-7845103-5146625?s=books&ie=UTF8&qid=1422600724&sr=1-8,http://ecx.images-amazon.com/images/I/51mqFUP1kVL._AA200_.jpg
Les 15 plus belles histoires pour les petits garçons,Détails sur le produit,http://www.amazon.fr/plus-belles-histoires-petits-gar%C3%A7ons/dp/2070659224/ref=sr_1_9/280-7845103-5146625?s=books&ie=UTF8&qid=1422600724&sr=1-9,Relié,Les 15 plus belles histoires pour les petits garçons,http://www.amazon.fr/plus-belles-histoires-petits-gar%C3%A7ons/dp/2070659224/ref=sr_1_9_twi_1/280-7845103-5146625?s=books&ie=UTF8&qid=1422600724&sr=1-9,http://ecx.images-amazon.com/images/I/51WTkEkqANL._AA200_.jpg
Baleines et dauphins,Détails sur le produit,http://www.amazon.fr/Baleines-dauphins-Collectif/dp/2070653048/ref=sr_1_10/280-7845103-5146625?s=books&ie=UTF8&qid=1422600724&sr=1-10,Relié,Baleines et dauphins,http://www.amazon.fr/Baleines-dauphins-Collectif/dp/2070653048/ref=sr_1_10_twi_1/280-7845103-5146625?s=books&ie=UTF8&qid=1422600724&sr=1-10,http://ecx.images-amazon.com/images/I/5161R%2BfW9QL._AA200_.jpg
Le petit âne de Venise,Détails sur le produit,http://www.amazon.fr/petit-%C3%A2ne-Venise-Morpurgo-Michael/dp/2070653838/ref=sr_1_11/280-7845103-5146625?s=books&ie=UTF8&qid=1422600724&sr=1-11,Relié,Le petit âne de Venise,http://www.amazon.fr/petit-%C3%A2ne-Venise-Morpurgo-Michael/dp/2070653838/ref=sr_1_11_twi_1/280-7845103-5146625?s=books&ie=UTF8&qid=1422600724&sr=1-11,http://ecx.images-amazon.com/images/I/61DNz1NxwQL._AA200_.jpg
Mon imagier des comptines de la maternelle (1CD audio),Détails sur le produit,http://www.amazon.fr/Mon-imagier-comptines-maternelle-audio/dp/2070652041/ref=sr_1_12/280-7845103-5146625?s=books&ie=UTF8&qid=1422600724&sr=1-12,Relié,Mon imagier des comptines de la maternelle (1CD audio),http://www.amazon.fr/Mon-imagier-comptines-maternelle-audio/dp/2070652041/ref=sr_1_12_twi_1/280-7845103-5146625?s=books&ie=UTF8&qid=1422600724&sr=1-12,http://ecx.images-amazon.com/images/I/514HDWR-y6L._AA200_.jpg
"Le Petit Nicolas, 2 : Jeux, blagues et cie de plein air",Détails sur le produit,http://www.amazon.fr/Petit-Nicolas-2%C2%A0-%C2%A0Jeux-blagues/dp/2070652742/ref=sr_1_13/280-7845103-5146625?s=books&ie=UTF8&qid=1422600724&sr=1-13,Relié,"Le Petit Nicolas, 2 : Jeux, blagues et cie de plein air",http://www.amazon.fr/Petit-Nicolas-2%C2%A0-%C2%A0Jeux-blagues/dp/2070652742/ref=sr_1_13_twi_1/280-7845103-5146625?s=books&ie=UTF8&qid=1422600724&sr=1-13,http://ecx.images-amazon.com/images/I/51aNeoZUoQL._AA200_.jpg
L'ultime Défi du Serpent,Détails sur le produit,http://www.amazon.fr/Lultime-D%C3%A9fi-Serpent-Colin-Fabrice/dp/2070652750/ref=sr_1_14/280-7845103-5146625?s=books&ie=UTF8&qid=1422600724&sr=1-14,Relié,L'ultime Défi du Serpent,http://www.amazon.fr/Lultime-D%C3%A9fi-Serpent-Colin-Fabrice/dp/2070652750/ref=sr_1_14_twi_1/280-7845103-5146625?s=books&ie=UTF8&qid=1422600724&sr=1-14,http://ecx.images-amazon.com/images/I/41pRlLtHFFL._AA200_.jpg
"Le goût des voyages: Cartes, idées et conseils pour jeunes globe-trotteurs",Détails sur le produit,http://www.amazon.fr/go%C3%BBt-voyages-Cartes-conseils-globe-trotteurs/dp/2070648842/ref=sr_1_15/280-7845103-5146625?s=books&ie=UTF8&qid=1422600724&sr=1-15,Relié,"Le goût des voyages: Cartes, idées et conseils pour jeunes globe-trotteurs",http://www.amazon.fr/go%C3%BBt-voyages-Cartes-conseils-globe-trotteurs/dp/2070648842/ref=sr_1_15_twi_1/280-7845103-5146625?s=books&ie=UTF8&qid=1422600724&sr=1-15,http://ecx.images-amazon.com/images/I/61Cc6I8q0hL._AA200_.jpg
Le Petit Prince,Détails sur le produit,http://www.amazon.fr/Petit-Prince-Saint-Exup%C3%A9ry-Antoine/dp/2070653110/ref=sr_1_16/280-7845103-5146625?s=books&ie=UTF8&qid=1422600724&sr=1-16,Relié,Le Petit Prince,http://www.amazon.fr/Petit-Prince-Saint-Exup%C3%A9ry-Antoine/dp/2070653110/ref=sr_1_16_twi_1/280-7845103-5146625?s=books&ie=UTF8&qid=1422600724&sr=1-16,http://ecx.images-amazon.com/images/I/51%2BIeNHOYfL._AA200_.jpg
La Seconde Guerre mondiale,Détails sur le produit,http://www.amazon.fr/Seconde-Guerre-mondiale-Adams-Simon/dp/2070651797/ref=sr_1_17/280-7845103-5146625?s=books&ie=UTF8&qid=1422600724&sr=1-17,Relié,La Seconde Guerre mondiale,http://www.amazon.fr/Seconde-Guerre-mondiale-Adams-Simon/dp/2070651797/ref=sr_1_17_twi_1/280-7845103-5146625?s=books&ie=UTF8&qid=1422600724&sr=1-17,http://ecx.images-amazon.com/images/I/51xpI-q6MgL._AA200_.jpg
Rois et reines de France,Détails sur le produit,http://www.amazon.fr/Rois-reines-France-Billioud-Jean-Michel/dp/2070652637/ref=sr_1_18/280-7845103-5146625?s=books&ie=UTF8&qid=1422600724&sr=1-18,Relié,Rois et reines de France,http://www.amazon.fr/Rois-reines-France-Billioud-Jean-Michel/dp/2070652637/ref=sr_1_18_twi_1/280-7845103-5146625?s=books&ie=UTF8&qid=1422600724&sr=1-18,http://ecx.images-amazon.com/images/I/51fbdyOigiL._AA200_.jpg
Étoiles et planètes,Détails sur le produit,http://www.amazon.fr/%C3%89toiles-plan%C3%A8tes-Kerrod-Robin/dp/2070652629/ref=sr_1_19/280-7845103-5146625?s=books&ie=UTF8&qid=1422600724&sr=1-19,Relié,Étoiles et planètes,http://www.amazon.fr/%C3%89toiles-plan%C3%A8tes-Kerrod-Robin/dp/2070652629/ref=sr_1_19_twi_1/280-7845103-5146625?s=books&ie=UTF8&qid=1422600724&sr=1-19,http://ecx.images-amazon.com/images/I/51csSQ9cSSL._AA200_.jpg
Religions du monde,Détails sur le produit,http://www.amazon.fr/Religions-du-monde-Langley-Myrtle/dp/2070651789/ref=sr_1_20/280-7845103-5146625?s=books&ie=UTF8&qid=1422600724&sr=1-20,Relié,Religions du monde,http://www.amazon.fr/Religions-du-monde-Langley-Myrtle/dp/2070651789/ref=sr_1_20_twi_1/280-7845103-5146625?s=books&ie=UTF8&qid=1422600724&sr=1-20,http://ecx.images-amazon.com/images/I/51CTVmiPk-L._AA200_.jpg
Chevaux et poneys,Détails sur le produit,http://www.amazon.fr/Chevaux-poneys-Clutton-Brock-Juliet/dp/2070651886/ref=sr_1_21/280-7845103-5146625?s=books&ie=UTF8&qid=1422600724&sr=1-21,Relié,Chevaux et poneys,http://www.amazon.fr/Chevaux-poneys-Clutton-Brock-Juliet/dp/2070651886/ref=sr_1_21_twi_1/280-7845103-5146625?s=books&ie=UTF8&qid=1422600724&sr=1-21,http://ecx.images-amazon.com/images/I/51BUY%2B6EGqL._AA200_.jpg
Instruments de musique,Détails sur le produit,http://www.amazon.fr/Instruments-musique-Ardley-Neil/dp/2070651800/ref=sr_1_22/280-7845103-5146625?s=books&ie=UTF8&qid=1422600724&sr=1-22,Relié,Instruments de musique,http://www.amazon.fr/Instruments-musique-Ardley-Neil/dp/2070651800/ref=sr_1_22_twi_1/280-7845103-5146625?s=books&ie=UTF8&qid=1422600724&sr=1-22,http://ecx.images-amazon.com/images/I/51s-5dD8UzL._AA200_.jpg
Étoiles et planètes en mouvement,Détails sur le produit,http://www.amazon.fr/%C3%89toiles-plan%C3%A8tes-mouvement-Stott-Carole/dp/2070647889/ref=sr_1_23/280-7845103-5146625?s=books&ie=UTF8&qid=1422600724&sr=1-23,Relié,Étoiles et planètes en mouvement,http://www.amazon.fr/%C3%89toiles-plan%C3%A8tes-mouvement-Stott-Carole/dp/2070647889/ref=sr_1_23_twi_1/280-7845103-5146625?s=books&ie=UTF8&qid=1422600724&sr=1-23,http://ecx.images-amazon.com/images/I/518DVcyzXhL._AA200_.jpg
"Guéris vite, petit dinosaure !",Détails sur le produit,http://www.amazon.fr/Gu%C3%A9ris-vite-petit-dinosaure%C2%A0-Yolen/dp/2070645754/ref=sr_1_24/280-7845103-5146625?s=books&ie=UTF8&qid=1422600724&sr=1-24,Relié,"Guéris vite, petit dinosaure !",http://www.amazon.fr/Gu%C3%A9ris-vite-petit-dinosaure%C2%A0-Yolen/dp/2070645754/ref=sr_1_24_twi_1/280-7845103-5146625?s=books&ie=UTF8&qid=1422600724&sr=1-24,http://ecx.images-amazon.com/images/I/513rSGIJt6L._AA200_.jpg
L'invité de Rita et Machin,Détails sur le produit,http://www.amazon.fr/Linvit%C3%A9-Rita-Machin-Arrou-Vignod-Jean-Philippe/dp/2070649601/ref=sr_1_25/280-7845103-5146625?s=books&ie=UTF8&qid=1422600724&sr=1-25,Relié,L'invité de Rita et Machin,http://www.amazon.fr/Linvit%C3%A9-Rita-Machin-Arrou-Vignod-Jean-Philippe/dp/2070649601/ref=sr_1_25_twi_1/280-7845103-5146625?s=books&ie=UTF8&qid=1422600724&sr=1-25,http://ecx.images-amazon.com/images/I/51d%2BqbJBgaL._AA200_.jpg
"L'encyclopédie des héros, icônes et autres demi-dieux",Détails sur le produit,http://www.amazon.fr/Lencyclop%C3%A9die-h%C3%A9ros-ic%C3%B4nes-autres-demi-dieux/dp/2070646424/ref=sr_1_26/280-7845103-5146625?s=books&ie=UTF8&qid=1422600724&sr=1-26,Relié,"L'encyclopédie des héros, icônes et autres demi-dieux",http://www.amazon.fr/Lencyclop%C3%A9die-h%C3%A9ros-ic%C3%B4nes-autres-demi-dieux/dp/2070646424/ref=sr_1_26_twi_1/280-7845103-5146625?s=books&ie=UTF8&qid=1422600724&sr=1-26,http://ecx.images-amazon.com/images/I/51%2Bo8kKQkeL._AA200_.jpg
Mon imagier des berceuses,Détails sur le produit,http://www.amazon.fr/Mon-imagier-berceuses-Collectif/dp/2070650006/ref=sr_1_27/280-7845103-5146625?s=books&ie=UTF8&qid=1422600724&sr=1-27,Relié,Mon imagier des berceuses,http://www.amazon.fr/Mon-imagier-berceuses-Collectif/dp/2070650006/ref=sr_1_27_twi_1/280-7845103-5146625?s=books&ie=UTF8&qid=1422600724&sr=1-27,http://ecx.images-amazon.com/images/I/51529Gpwa4L._AA200_.jpg
Le pique-nique de Rita et Machin,Détails sur le produit,http://www.amazon.fr/pique-nique-Rita-Machin-Arrou-Vignod-Jean-Philippe/dp/207064958X/ref=sr_1_28/280-7845103-5146625?s=books&ie=UTF8&qid=1422600724&sr=1-28,Relié,Le pique-nique de Rita et Machin,http://www.amazon.fr/pique-nique-Rita-Machin-Arrou-Vignod-Jean-Philippe/dp/207064958X/ref=sr_1_28_twi_1/280-7845103-5146625?s=books&ie=UTF8&qid=1422600724&sr=1-28,http://ecx.images-amazon.com/images/I/51R4dSYFGoL._AA200_.jpg
Les courses de Rita et Machin,Détails sur le produit,http://www.amazon.fr/courses-Rita-Machin-Arrou-Vignod-Jean-Philippe/dp/2070649598/ref=sr_1_29/280-7845103-5146625?s=books&ie=UTF8&qid=1422600724&sr=1-29,Relié,Les courses de Rita et Machin,http://www.amazon.fr/courses-Rita-Machin-Arrou-Vignod-Jean-Philippe/dp/2070649598/ref=sr_1_29_twi_1/280-7845103-5146625?s=books&ie=UTF8&qid=1422600724&sr=1-29,http://ecx.images-amazon.com/images/I/51KEBmBxdzL._AA200_.jpg
"Joyeux Noël, Rita et Machin",Détails sur le produit,http://www.amazon.fr/Joyeux-No%C3%ABl-Machin-Arrou-Vignod-Jean-Philippe/dp/207064247X/ref=sr_1_30/280-7845103-5146625?s=books&ie=UTF8&qid=1422600724&sr=1-30,Relié,"Joyeux Noël, Rita et Machin",http://www.amazon.fr/Joyeux-No%C3%ABl-Machin-Arrou-Vignod-Jean-Philippe/dp/207064247X/ref=sr_1_30_twi_1/280-7845103-5146625?s=books&ie=UTF8&qid=1422600724&sr=1-30,http://ecx.images-amazon.com/images/I/51r9n5flthL._AA200_.jpg
Je joue avec Rita et Machin: 16 fiches effaçables,Détails sur le produit,http://www.amazon.fr/joue-avec-Rita-Machin-effa%C3%A7ables/dp/2070647706/ref=sr_1_31/280-7845103-5146625?s=books&ie=UTF8&qid=1422600724&sr=1-31,Relié,Je joue avec Rita et Machin: 16 fiches effaçables,http://www.amazon.fr/joue-avec-Rita-Machin-effa%C3%A7ables/dp/2070647706/ref=sr_1_31_twi_1/280-7845103-5146625?s=books&ie=UTF8&qid=1422600724&sr=1-31,http://ecx.images-amazon.com/images/I/41HOgiz6tBL._AA200_.jpg
Mes plus belles musiques classiques pour les petits (Tome 1),Détails sur le produit,http://www.amazon.fr/plus-belles-musiques-classiques-petits/dp/2070648923/ref=sr_1_32/280-7845103-5146625?s=books&ie=UTF8&qid=1422600724&sr=1-32,Relié,Mes plus belles musiques classiques pour les petits (Tome 1),http://www.amazon.fr/plus-belles-musiques-classiques-petits/dp/2070648923/ref=sr_1_32_twi_1/280-7845103-5146625?s=books&ie=UTF8&qid=1422600724&sr=1-32,http://ecx.images-amazon.com/images/I/51nOM-QfxqL._AA200_.jpg
Superasticot,Détails sur le produit,http://www.amazon.fr/Superasticot-Donaldson-Julia/dp/2070647757/ref=sr_1_33/280-7845103-5146625?s=books&ie=UTF8&qid=1422600724&sr=1-33,Relié,Superasticot,http://www.amazon.fr/Superasticot-Donaldson-Julia/dp/2070647757/ref=sr_1_33_twi_1/280-7845103-5146625?s=books&ie=UTF8&qid=1422600724&sr=1-33,http://ecx.images-amazon.com/images/I/61fvoJv5lvL._AA200_.jpg
Les 40 plus belles comptines et chansons,Détails sur le produit,http://www.amazon.fr/40-plus-belles-comptines-chansons/dp/2070648575/ref=sr_1_34/280-7845103-5146625?s=books&ie=UTF8&qid=1422600724&sr=1-34,Relié,Les 40 plus belles comptines et chansons,http://www.amazon.fr/40-plus-belles-comptines-chansons/dp/2070648575/ref=sr_1_34_twi_1/280-7845103-5146625?s=books&ie=UTF8&qid=1422600724&sr=1-34,http://ecx.images-amazon.com/images/I/513Zpyl1zoL._AA200_.jpg
Encyclopédie des dinosaures,Détails sur le produit,http://www.amazon.fr/Encyclop%C3%A9die-dinosaures-Collectif/dp/207064622X/ref=sr_1_35/280-7845103-5146625?s=books&ie=UTF8&qid=1422600724&sr=1-35,Relié,Encyclopédie des dinosaures,http://www.amazon.fr/Encyclop%C3%A9die-dinosaures-Collectif/dp/207064622X/ref=sr_1_35_twi_1/280-7845103-5146625?s=books&ie=UTF8&qid=1422600724&sr=1-35,http://ecx.images-amazon.com/images/I/51f-tKgewJL._AA200_.jpg
"Le Petit Nicolas, 1 : Jeux, blagues et cie pour la récré",Détails sur le produit,http://www.amazon.fr/Petit-Nicolas-1%C2%A0-%C2%A0Jeux-blagues/dp/2070648451/ref=sr_1_36/280-7845103-5146625?s=books&ie=UTF8&qid=1422600724&sr=1-36,Relié,"Le Petit Nicolas, 1 : Jeux, blagues et cie pour la récré",http://www.amazon.fr/Petit-Nicolas-1%C2%A0-%C2%A0Jeux-blagues/dp/2070648451/ref=sr_1_36_twi_1/280-7845103-5146625?s=books&ie=UTF8&qid=1422600724&sr=1-36,http://ecx.images-amazon.com/images/I/51pBAykcsUL._AA200_.jpg
La chose perdue,Détails sur le produit,http://www.amazon.fr/chose-perdue-Tan-Shaun/dp/2070634744/ref=sr_1_37/280-7845103-5146625?s=books&ie=UTF8&qid=1422600724&sr=1-37,Relié,La chose perdue,http://www.amazon.fr/chose-perdue-Tan-Shaun/dp/2070634744/ref=sr_1_37_twi_1/280-7845103-5146625?s=books&ie=UTF8&qid=1422600724&sr=1-37,http://ecx.images-amazon.com/images/I/51nh3bMHFcL._AA200_.jpg
"Infirmière pendant la Première Guerre mondiale: Journal de Geneviève Darfeuil, Houlgate-Paris, 1914-1918",Détails sur le produit,http://www.amazon.fr/Infirmi%C3%A8re-pendant-Premi%C3%A8re-Guerre-mondiale/dp/2070645886/ref=sr_1_38/280-7845103-5146625?s=books&ie=UTF8&qid=1422600724&sr=1-38,Relié,"Infirmière pendant la Première Guerre mondiale: Journal de Geneviève Darfeuil, Houlgate-Paris, 1914-1918",http://www.amazon.fr/Infirmi%C3%A8re-pendant-Premi%C3%A8re-Guerre-mondiale/dp/2070645886/ref=sr_1_38_twi_1/280-7845103-5146625?s=books&ie=UTF8&qid=1422600724&sr=1-38,http://ecx.images-amazon.com/images/I/516SpyHn5RL._AA200_.jpg
Pip et Prune : Le monstre terrifiant,Détails sur le produit,http://www.amazon.fr/Pip-Prune%C2%A0-%C2%A0-monstre-terrifiant/dp/2070645924/ref=sr_1_39/280-7845103-5146625?s=books&ie=UTF8&qid=1422600724&sr=1-39,Relié,Pip et Prune : Le monstre terrifiant,http://www.amazon.fr/Pip-Prune%C2%A0-%C2%A0-monstre-terrifiant/dp/2070645924/ref=sr_1_39_twi_1/280-7845103-5146625?s=books&ie=UTF8&qid=1422600724&sr=1-39,http://ecx.images-amazon.com/images/I/61jcqt7Lt2L._AA200_.jpg
"Anne, fiancée de Louis XIII: Journal d'une future reine de France, 1614-1617",Détails sur le produit,http://www.amazon.fr/Anne-fianc%C3%A9e-Louis-XIII-1614-1617/dp/2070647099/ref=sr_1_40/280-7845103-5146625?s=books&ie=UTF8&qid=1422600724&sr=1-40,Relié,"Anne, fiancée de Louis XIII: Journal d'une future reine de France, 1614-1617",http://www.amazon.fr/Anne-fianc%C3%A9e-Louis-XIII-1614-1617/dp/2070647099/ref=sr_1_40_twi_1/280-7845103-5146625?s=books&ie=UTF8&qid=1422600724&sr=1-40,http://ecx.images-amazon.com/images/I/51w8d19TRmL._AA200_.jpg
Toutes les réponses aux questions des enfants,Détails sur le produit,http://www.amazon.fr/Toutes-r%C3%A9ponses-aux-questions-enfants/dp/2070639525/ref=sr_1_41/280-7845103-5146625?s=books&ie=UTF8&qid=1422600724&sr=1-41,Relié,Toutes les réponses aux questions des enfants,http://www.amazon.fr/Toutes-r%C3%A9ponses-aux-questions-enfants/dp/2070639525/ref=sr_1_41_twi_1/280-7845103-5146625?s=books&ie=UTF8&qid=1422600724&sr=1-41,http://ecx.images-amazon.com/images/I/51U35A7viDL._AA200_.jpg
Même pas peur !,Détails sur le produit,http://www.amazon.fr/M%C3%AAme-pas-peur%C2%A0-Collectif/dp/2070648214/ref=sr_1_42/280-7845103-5146625?s=books&ie=UTF8&qid=1422600724&sr=1-42,Relié,Même pas peur !,http://www.amazon.fr/M%C3%AAme-pas-peur%C2%A0-Collectif/dp/2070648214/ref=sr_1_42_twi_1/280-7845103-5146625?s=books&ie=UTF8&qid=1422600724&sr=1-42,http://ecx.images-amazon.com/images/I/51Iz7hUTiVL._AA200_.jpg
Titanic,Détails sur le produit,http://www.amazon.fr/Titanic-Park-Louise/dp/2070644480/ref=sr_1_43/280-7845103-5146625?s=books&ie=UTF8&qid=1422600724&sr=1-43,Relié,Titanic,http://www.amazon.fr/Titanic-Park-Louise/dp/2070644480/ref=sr_1_43_twi_1/280-7845103-5146625?s=books&ie=UTF8&qid=1422600724&sr=1-43,http://ecx.images-amazon.com/images/I/511fUr7X9ZL._AA200_.jpg
Indiens d'Amérique,Détails sur le produit,http://www.amazon.fr/Indiens-dAm%C3%A9rique-Costain-Meredith/dp/2070644529/ref=sr_1_44/280-7845103-5146625?s=books&ie=UTF8&qid=1422600724&sr=1-44,Relié,Indiens d'Amérique,http://www.amazon.fr/Indiens-dAm%C3%A9rique-Costain-Meredith/dp/2070644529/ref=sr_1_44_twi_1/280-7845103-5146625?s=books&ie=UTF8&qid=1422600724&sr=1-44,http://ecx.images-amazon.com/images/I/51WxmrmCVfL._AA200_.jpg
Insectes,Détails sur le produit,http://www.amazon.fr/Insectes-McFadzean-Lesley/dp/2070644545/ref=sr_1_45/280-7845103-5146625?s=books&ie=UTF8&qid=1422600724&sr=1-45,Relié,Insectes,http://www.amazon.fr/Insectes-McFadzean-Lesley/dp/2070644545/ref=sr_1_45_twi_1/280-7845103-5146625?s=books&ie=UTF8&qid=1422600724&sr=1-45,http://ecx.images-amazon.com/images/I/51Wt-3Dl3iL._AA200_.jpg
Animaux migrateurs,Détails sur le produit,http://www.amazon.fr/Animaux-migrateurs-Einspruch-Andrew/dp/2070644561/ref=sr_1_46/280-7845103-5146625?s=books&ie=UTF8&qid=1422600724&sr=1-46,Relié,Animaux migrateurs,http://www.amazon.fr/Animaux-migrateurs-Einspruch-Andrew/dp/2070644561/ref=sr_1_46_twi_1/280-7845103-5146625?s=books&ie=UTF8&qid=1422600724&sr=1-46,http://ecx.images-amazon.com/images/I/51rIVQ3wf3L._AA200_.jpg
Histoire des Jeux Olympiques,Détails sur le produit,http://www.amazon.fr/Histoire-Jeux-Olympiques-Oxlade-Chris/dp/2070643700/ref=sr_1_47/280-7845103-5146625?s=books&ie=UTF8&qid=1422600724&sr=1-47,Relié,Histoire des Jeux Olympiques,http://www.amazon.fr/Histoire-Jeux-Olympiques-Oxlade-Chris/dp/2070643700/ref=sr_1_47_twi_1/280-7845103-5146625?s=books&ie=UTF8&qid=1422600724&sr=1-47,http://ecx.images-amazon.com/images/I/51v%2BQUbeTNL._AA200_.jpg
Le livre des sports,Détails sur le produit,http://www.amazon.fr/livre-sports-Collectif/dp/2070643719/ref=sr_1_48/280-7845103-5146625?s=books&ie=UTF8&qid=1422600724&sr=1-48,Relié,Le livre des sports,http://www.amazon.fr/livre-sports-Collectif/dp/2070643719/ref=sr_1_48_twi_1/280-7845103-5146625?s=books&ie=UTF8&qid=1422600724&sr=1-48,http://ecx.images-amazon.com/images/I/51jlWvu2zCL._AA200_.jpg
Rita et Machin à la plage,Détails sur le produit,http://www.amazon.fr/Rita-Machin-plage-Arrou-Vignod-Jean-Philippe/dp/2070647730/ref=sr_1_49/280-7845103-5146625?s=books&ie=UTF8&qid=1422600724&sr=1-49,Relié,Rita et Machin à la plage,http://www.amazon.fr/Rita-Machin-plage-Arrou-Vignod-Jean-Philippe/dp/2070647730/ref=sr_1_49_twi_1/280-7845103-5146625?s=books&ie=UTF8&qid=1422600724&sr=1-49,http://ecx.images-amazon.com/images/I/51FwyLgliEL._AA200_.jpg
Le dimanche de Rita et Machin,Détails sur le produit,http://www.amazon.fr/dimanche-Rita-Machin-Arrou-Vignod-Jean-Philippe/dp/2070647722/ref=sr_1_50/280-7845103-5146625?s=books&ie=UTF8&qid=1422600724&sr=1-50,Relié,Le dimanche de Rita et Machin,http://www.amazon.fr/dimanche-Rita-Machin-Arrou-Vignod-Jean-Philippe/dp/2070647722/ref=sr_1_50_twi_1/280-7845103-5146625?s=books&ie=UTF8&qid=1422600724&sr=1-50,http://ecx.images-amazon.com/images/I/51NPNCBA6GL._AA200_.jpg
Rita et Machin partent en vacances,Détails sur le produit,http://www.amazon.fr/Rita-Machin-partent-en-vacances/dp/2070644456/ref=sr_1_51/280-7845103-5146625?s=books&ie=UTF8&qid=1422600724&sr=1-51,Relié,Rita et Machin partent en vacances,http://www.amazon.fr/Rita-Machin-partent-en-vacances/dp/2070644456/ref=sr_1_51_twi_1/280-7845103-5146625?s=books&ie=UTF8&qid=1422600724&sr=1-51,http://ecx.images-amazon.com/images/I/51Azw4xbXjL._AA200_.jpg
"La chanteuse de Vivaldi: Journal de Lucrezia, Venise, 1720",Détails sur le produit,http://www.amazon.fr/chanteuse-Vivaldi-Journal-Lucrezia-Venise/dp/2070639010/ref=sr_1_52/280-7845103-5146625?s=books&ie=UTF8&qid=1422600724&sr=1-52,Relié,"La chanteuse de Vivaldi: Journal de Lucrezia, Venise, 1720",http://www.amazon.fr/chanteuse-Vivaldi-Journal-Lucrezia-Venise/dp/2070639010/ref=sr_1_52_twi_1/280-7845103-5146625?s=books&ie=UTF8&qid=1422600724&sr=1-52,http://ecx.images-amazon.com/images/I/51yS4ipIwwL._AA200_.jpg
"Au temps des crinolines: Journal de Charlotte Renaudier, 1855",Détails sur le produit,http://www.amazon.fr/Au-temps-crinolines-Charlotte-Renaudier/dp/2070644294/ref=sr_1_53/280-7845103-5146625?s=books&ie=UTF8&qid=1422600724&sr=1-53,Relié,"Au temps des crinolines: Journal de Charlotte Renaudier, 1855",http://www.amazon.fr/Au-temps-crinolines-Charlotte-Renaudier/dp/2070644294/ref=sr_1_53_twi_1/280-7845103-5146625?s=books&ie=UTF8&qid=1422600724&sr=1-53,http://ecx.images-amazon.com/images/I/51wKBbVZfmL._AA200_.jpg
"Le Petit Nicolas, 1 : Adieu les mauvaises notes !",Détails sur le produit,http://www.amazon.fr/Petit-Nicolas-1%C2%A0-%C2%A0Adieu-mauvaises/dp/2070644952/ref=sr_1_54/280-7845103-5146625?s=books&ie=UTF8&qid=1422600724&sr=1-54,Relié,"Le Petit Nicolas, 1 : Adieu les mauvaises notes !",http://www.amazon.fr/Petit-Nicolas-1%C2%A0-%C2%A0Adieu-mauvaises/dp/2070644952/ref=sr_1_54_twi_1/280-7845103-5146625?s=books&ie=UTF8&qid=1422600724&sr=1-54,http://ecx.images-amazon.com/images/I/516M2hLWYuL._AA200_.jpg
La Tragédie du Titanic,Détails sur le produit,http://www.amazon.fr/Trag%C3%A9die-du-Titanic-Adams-Simon/dp/2070643697/ref=sr_1_55/280-7845103-5146625?s=books&ie=UTF8&qid=1422600724&sr=1-55,Relié,La Tragédie du Titanic,http://www.amazon.fr/Trag%C3%A9die-du-Titanic-Adams-Simon/dp/2070643697/ref=sr_1_55_twi_1/280-7845103-5146625?s=books&ie=UTF8&qid=1422600724&sr=1-55,http://ecx.images-amazon.com/images/I/51dV7t8sEJL._AA200_.jpg
Pip et Prune : La petite flaque,Détails sur le produit,http://www.amazon.fr/Pip-Prune%C2%A0-%C2%A0-petite-flaque/dp/207064295X/ref=sr_1_56/280-7845103-5146625?s=books&ie=UTF8&qid=1422600724&sr=1-56,Relié,Pip et Prune : La petite flaque,http://www.amazon.fr/Pip-Prune%C2%A0-%C2%A0-petite-flaque/dp/207064295X/ref=sr_1_56_twi_1/280-7845103-5146625?s=books&ie=UTF8&qid=1422600724&sr=1-56,http://ecx.images-amazon.com/images/I/51s1Iu97fwL._AA200_.jpg
Oh ! Les sciences,Détails sur le produit,http://www.amazon.fr/Oh%C2%A0-sciences-Gifford-Clive/dp/2070642577/ref=sr_1_57/280-7845103-5146625?s=books&ie=UTF8&qid=1422600724&sr=1-57,Relié,Oh ! Les sciences,http://www.amazon.fr/Oh%C2%A0-sciences-Gifford-Clive/dp/2070642577/ref=sr_1_57_twi_1/280-7845103-5146625?s=books&ie=UTF8&qid=1422600724&sr=1-57,http://ecx.images-amazon.com/images/I/613KP6bFYiL._AA200_.jpg
C'est un petit livre,Détails sur le produit,http://www.amazon.fr/Cest-petit-livre-Smith-Lane/dp/2070643921/ref=sr_1_58/280-7845103-5146625?s=books&ie=UTF8&qid=1422600724&sr=1-58,Relié,C'est un petit livre,http://www.amazon.fr/Cest-petit-livre-Smith-Lane/dp/2070643921/ref=sr_1_58_twi_1/280-7845103-5146625?s=books&ie=UTF8&qid=1422600724&sr=1-58,http://ecx.images-amazon.com/images/I/51s2e%2BUdvHL._AA200_.jpg
Oh L'Antiquité,Détails sur le produit,http://www.amazon.fr/Oh-LAntiquit%C3%A9-Fullman-Joe/dp/2070642585/ref=sr_1_59/280-7845103-5146625?s=books&ie=UTF8&qid=1422600724&sr=1-59,Relié,Oh L'Antiquité,http://www.amazon.fr/Oh-LAntiquit%C3%A9-Fullman-Joe/dp/2070642585/ref=sr_1_59_twi_1/280-7845103-5146625?s=books&ie=UTF8&qid=1422600724&sr=1-59,http://ecx.images-amazon.com/images/I/61b0AaWG1QL._AA200_.jpg
