title,sub_title,authors,page,publisher,pub_date,spec_1,spec_2,spec_3
N/A,,,,,,,,
Knutselen voor kleine handjes,vanaf 4 jaar,"[""Auteur: Isabelle Bochot"", ""Verkoop door bol.com""]",Deltas Centrale uitgeverij,oktober 2014,,"Productinformatie Auteur Isabelle Bochot Soort Met illustraties Taal Nederlands Afmetingen 30x223x175 mm Gewicht 599,00 gram Geschikt voor 4 - 12 jaar Druk 1 ISBN10 904473993X ISBN13 9789044739930","Je vindt dit boek in Categorieën Kind & Jeugd > Informatieve boeken Leeftijd 3-6 jaar , 6-9 jaar , 9-12 jaar",Nederlands Deltas Centrale uitgeverij oktober 2014
Oefenschrift begrijpend lezen,leuke opdrachten en inhoudsvragen over vrolijke verhaaltjes,"[""Auteur: Hilde Gerard"", ""Verkoop door bol.com""]",Deltas Centrale uitgeverij,juni 2013,,"Productinformatie Auteur Hilde Gerard Illustrator Nick Claes Soort Met illustraties Taal Nederlands Afmetingen 4x225x195 mm Gewicht 116,00 gram Geschikt voor 4 - 12 jaar Druk 1 ISBN10 904473749X ISBN13 9789044737493","Je vindt dit boek in Categorieën Kind & Jeugd > Informatieve boeken Leeftijd 3-6 jaar , 6-9 jaar , 9-12 jaar AVI-leesniveau AVI M5",Nederlands Deltas Centrale uitgeverij juni 2013
Kala de vlinder,,"[""Auteur: Nikky Reece"", ""Verkoop door bol.com""]",Jaylen Books,oktober 2014,,"Productinformatie Auteur Nikky Reece Soort Met illustraties Taal Nederlands Afmetingen 8x216x213 mm Gewicht 237,00 gram Geschikt voor 4 - 12 jaar Druk 1 ISBN10 9491247743 ISBN13 9789491247743","Je vindt dit boek in Categorieën Kind & Jeugd > Informatieve boeken Leeftijd 3-6 jaar , 6-9 jaar , 9-12 jaar",Nederlands Jaylen Books oktober 2014
Insectendetective,leuke feitjes en handige feiten over kleine beestjes,"[""Auteur: Maggie Li"", ""Verkoop door bol.com""]",Kosmos Uitgevers,april 2015,,Productinformatie Auteur Maggie Li Taal Nederlands Geschikt voor 4 - 12 jaar Druk 1 ISBN10 9052109826 ISBN13 9789052109824,"Je vindt dit boek in Categorieën Kind & Jeugd > Informatieve boeken Leeftijd 3-6 jaar , 6-9 jaar , 9-12 jaar",Nederlands Kosmos Uitgevers april 2015
Kris kras Europa,Kris Kras Kombi,"[""Auteur: Onbekend"", ""Verkoop door bol.com""]",LARSEN puzzels,september 2012,,"Productinformatie Auteur Onbekend Soort Met illustraties Taal Nederlands Afmetingen 10x367x284 mm Gewicht 362,00 gram Druk 1 ISBN10 9086643558 ISBN13 9789086643554",Je vindt dit boek in Categorieën Kind & Jeugd > Kind & Jeugd overig,Nederlands LARSEN puzzels september 2012
Max en de maximonsters,lemniscaat kroonjuwelen,"[""Auteur: Maurice Sendak"", ""Verkoop door bol.com""]",Lemniscaat,april 2015,,Productinformatie Auteur Maurice Sendak Redactie Jesse Broekman Illustrator Maurice Sendak Overige betrokkenen L.M. Niskos Soort Met illustraties Taal Nederlands Vertaald uit het Engels Vertaald door L.M. Niskos Oorspronkelijke titel Where The Wild Things Are Geschikt voor 4 - 6 jaar Druk 1 ISBN10 9047702832 ISBN13 9789047702832 Product lengte 125 mm,"Je vindt dit boek in Categorieën Kind & Jeugd > Prentenboeken Trefwoord(en) Angsten , Kattenkwaad , Monsters Leeftijd 3-6 jaar",Nederlands Lemniscaat april 2015
De rode zwaan,,"[""Auteur: Sjoerd Kuyper"", ""Verkoop door bol.com""]",Lemniscaat,februari 2015,,Productinformatie Auteur Sjoerd Kuyper Taal Nederlands Geschikt voor 10 - 12 jaar Druk 1 ISBN10 9047706870 ISBN13 9789047706878,Je vindt dit boek in Categorieën Kind & Jeugd > Romans & Zelf lezen Leeftijd 9-12 jaar,Nederlands Lemniscaat februari 2015
Koning varken,een verhaal met een staartje (zonder krul),"[""Auteur: Koos Meinderts"", ""Verkoop door bol.com""]",Lemniscaat,februari 2015,,"Productinformatie Auteur Koos Meinderts Illustrator Stern Nijland Soort Met illustraties Taal Nederlands Afmetingen 11x332x246 mm Gewicht 553,00 gram Geschikt voor 0 - 6 jaar Druk 1 ISBN10 9047705084 ISBN13 9789047705086","Je vindt dit boek in Categorieën Kind & Jeugd > Prentenboeken Leeftijd 0-6 maanden , 1-2 jaar , 2-3 jaar , 3-6 jaar , 6-12 maanden",Nederlands Lemniscaat februari 2015
Ik ben toch eigenlijk toch wel heel erg een beetje gek op jou...,,"[""Auteur: Sylvia van Ommen"", ""Verkoop door bol.com""]",Lemniscaat,februari 2015,,"Productinformatie Auteur Sylvia van Ommen Soort Met illustraties Taal Nederlands Afmetingen 11x190x157 mm Gewicht 202,00 gram Geschikt voor 0 - 6 jaar Druk 1 ISBN10 9047702689 ISBN13 9789047702689","Je vindt dit boek in Categorieën Kind & Jeugd > Prentenboeken Leeftijd 0-6 maanden , 1-2 jaar , 2-3 jaar , 3-6 jaar , 6-12 maanden",Nederlands Lemniscaat februari 2015
Ik ben Harry Vink,,"[""Auteur: Alexis Deacon"", ""Verkoop door bol.com""]",Lemniscaat,januari 2015,,"Productinformatie Auteur Alexis Deacon Illustrator Viviane Schwarz Soort Met illustraties Taal Nederlands Vertaald door Jesse Goossens Afmetingen 12x295x255 mm Gewicht 565,00 gram Geschikt voor 0 - 6 jaar Druk 1 ISBN10 9047700643 ISBN13 9789047700647","Je vindt dit boek in Categorieën Kind & Jeugd > Prentenboeken Leeftijd 0-6 maanden , 1-2 jaar , 2-3 jaar , 3-6 jaar , 6-12 maanden",Nederlands Lemniscaat januari 2015
Zo mooi anders,een gedichtenprentenboek,Verkoop door bol.com,Lemniscaat,januari 2015,,"Productinformatie Soort Met illustraties Taal Nederlands Afmetingen 13x343x254 mm Gewicht 713,00 gram Geschikt voor 6 - 9 jaar Druk 1 ISBN10 9047700147 ISBN13 9789047700142",Je vindt dit boek in Categorieën Kind & Jeugd > Prentenboeken Leeftijd 6-9 jaar,Nederlands Lemniscaat januari 2015
Het Gruffalo natuurspeurboek,,"[""Auteur: Julia Donaldson"", ""Verkoop door bol.com""]",Lemniscaat,januari 2015,,"Productinformatie Auteur Julia Donaldson Illustrator Axel Scheffler Soort Met illustraties Taal Nederlands Afmetingen 4x230x165 mm Gewicht 120,00 gram Geschikt voor 4 - 12 jaar Druk 1 ISBN10 9047701860 ISBN13 9789047701866","Je vindt dit boek in Categorieën Kind & Jeugd > Informatieve boeken Leeftijd 3-6 jaar , 6-9 jaar , 9-12 jaar",Nederlands Lemniscaat januari 2015
Kapitein Kees,,"[""Auteur: Anke Kranendonk"", ""Verkoop door bol.com""]",Lemniscaat,januari 2015,,"Productinformatie Auteur Anke Kranendonk Illustrator Annemarie van Haeringen Soort Met illustraties Taal Nederlands Afmetingen 20x223x149 mm Gewicht 414,00 gram Geschikt voor 7 - 9 jaar Druk 1 ISBN10 9047706714 ISBN13 9789047706717",Je vindt dit boek in Categorieën Kind & Jeugd > Romans & Zelf lezen Leeftijd 6-9 jaar,Nederlands Lemniscaat januari 2015
Raad eens hoeveel ik van je hou / deel Babyboek,,"[""Auteur: Macbratney"", ""Verkoop door bol.com""]",Lemniscaat,januari 2014,,"Productinformatie Auteur Macbratney Illustrator Anita Jeram Soort Met illustraties Taal Nederlands Vertaald door L.M. Niskos Afmetingen 15x258x258 mm Gewicht 561,00 gram Geschikt voor 0 - 3 jaar Druk 1 ISBN10 9047706129 ISBN13 9789047706120","Je vindt dit boek in Categorieën Kind & Jeugd > Prentenboeken Leeftijd 0-6 maanden , 1-2 jaar , 2-3 jaar , 6-12 maanden",Nederlands Lemniscaat januari 2014
Disney Classics me-reader,,Verkoop door bol.com,Memphis Belle,april 2015,,Productinformatie Soort Met illustraties Taal Nederlands Geschikt voor 0 - 12 jaar Druk 1 ISBN10 1450896235 ISBN13 9781450896238,"Je vindt dit boek in Categorieën Kind & Jeugd > Kind & Jeugd overig Leeftijd 0-6 maanden , 1-2 jaar , 2-3 jaar , 3-6 jaar , 6-12 maanden , 6-9 jaar , 9-12 jaar",Nederlands Memphis Belle april 2015
Werk in uitvoering,de weg,"[""Auteur: Sally Sutton"", ""Verkoop door bol.com""]",Memphis Belle,,,Productinformatie Auteur Sally Sutton Soort Met illustraties Taal Nederlands Geschikt voor 0 - 6 jaar Druk 1 ISBN10 9089418180 ISBN13 9789089418180,"Je vindt dit boek in Categorieën Kind & Jeugd > Prentenboeken Leeftijd 0-6 maanden , 1-2 jaar , 2-3 jaar , 3-6 jaar , 6-12 maanden",Nederlands Memphis Belle
Thomas de stoomlocomotief,,Verkoop door bol.com,Memphis Belle,maart 2015,,Productinformatie Soort Met illustraties Taal Nederlands Geschikt voor 0 - 12 jaar Druk 1 ISBN10 908941424X ISBN13 9789089414243,"Je vindt dit boek in Categorieën Kind & Jeugd > Voorlees- & Sprookjesboeken Leeftijd 0-6 maanden , 1-2 jaar , 2-3 jaar , 3-6 jaar , 6-12 maanden , 6-9 jaar , 9-12 jaar",Nederlands Memphis Belle maart 2015
De grote Kleine Prinses,,"[""Auteur: Tony Ross"", ""Verkoop door bol.com""]",Memphis Belle,maart 2015,,Productinformatie Auteur Tony Ross Soort Met illustraties Taal Nederlands Geschikt voor 0 - 6 jaar Druk 1 ISBN10 9089419039 ISBN13 9789089419033,"Je vindt dit boek in Categorieën Kind & Jeugd > Prentenboeken Leeftijd 0-6 maanden , 1-2 jaar , 2-3 jaar , 3-6 jaar , 6-12 maanden",Nederlands Memphis Belle maart 2015
Dag lieve oma,,"[""Auteur: Melanie Walsh"", ""Verkoop door bol.com""]",Memphis Belle,,,Productinformatie Auteur Melanie Walsh Soort Met illustraties Taal Nederlands Geschikt voor 0 - 6 jaar Druk 1 ISBN10 9089413650 ISBN13 9789089413659,"Je vindt dit boek in Categorieën Kind & Jeugd > Prentenboeken Leeftijd 0-6 maanden , 1-2 jaar , 2-3 jaar , 3-6 jaar , 6-12 maanden",Nederlands Memphis Belle
"23 dingen om te doen voor je 11,5 bent",,Verkoop door bol.com,Memphis Belle,februari 2015,,"Productinformatie Soort Met illustraties Taal Nederlands Afmetingen 19x265x206 mm Gewicht 442,00 gram Geschikt voor 4 - 12 jaar Druk 1 ISBN10 9089413812 ISBN13 9789089413819","Je vindt dit boek in Categorieën Kind & Jeugd > Informatieve boeken Leeftijd 3-6 jaar , 6-9 jaar , 9-12 jaar",Nederlands Memphis Belle februari 2015
Ooggetuigen - De Titanic,,"[""Auteur: Simon Adams"", ""Verkoop door bol.com""]",Memphis Belle,november 2014,,"Productinformatie Auteur Simon Adams Soort Met illustraties Taal Nederlands Afmetingen 13x287x222 mm Gewicht 551,00 gram Geschikt voor 4 - 12 jaar Druk 1 ISBN10 9089413901 ISBN13 9789089413901","Je vindt dit boek in Categorieën Kind & Jeugd > Informatieve boeken Trefwoord(en) Geschiedenis , Ooggetuigen Leeftijd 3-6 jaar , 6-9 jaar , 9-12 jaar",Nederlands Memphis Belle november 2014
Ooggetuigen - Wereldwonderen,de piramiden van Gizeh Egypte,"[""Auteur: Tom Jackson"", ""Verkoop door bol.com""]",Memphis Belle,november 2014,,"Productinformatie Auteur Tom Jackson Soort Met illustraties Taal Nederlands Afmetingen 12x287x222 mm Gewicht 552,00 gram Geschikt voor 4 - 12 jaar Druk 1 ISBN10 9089414193 ISBN13 9789089414199","Je vindt dit boek in Categorieën Kind & Jeugd > Informatieve boeken Trefwoord(en) Ooggetuigen , Wetenswaardigheden Leeftijd 3-6 jaar , 6-9 jaar , 9-12 jaar",Nederlands Memphis Belle november 2014
Thomas Treinenrace,geluidenboek met flapjes,Verkoop door bol.com,Memphis Belle,oktober 2014,,"Productinformatie Soort Met illustraties Taal Nederlands Afmetingen 19x226x187 mm Gewicht 298,00 gram Geschikt voor 0 - 12 jaar Druk 1 ISBN10 9089413847 ISBN13 9789089413840","Je vindt dit boek in Categorieën Kind & Jeugd > Kind & Jeugd overig Trefwoord(en) Geluiden , Uitklapboeken Leeftijd 0-6 maanden , 1-2 jaar , 2-3 jaar , 3-6 jaar , 6-12 maanden , 6-9 jaar , 9-12 jaar",Nederlands Memphis Belle oktober 2014
Maskerboek,coole partymaskers,Verkoop door bol.com,Memphis Belle,september 2014,,"Productinformatie Soort Met illustraties Taal Nederlands Afmetingen 7x316x252 mm Gewicht 232,00 gram Geschikt voor 4 - 12 jaar Druk 1 ISBN10 9089411534 ISBN13 9789089411532","Je vindt dit boek in Categorieën Kind & Jeugd > Informatieve boeken Leeftijd 3-6 jaar , 6-9 jaar , 9-12 jaar",Nederlands Memphis Belle september 2014
Mijn eigen poppenhuis,,Verkoop door bol.com,Memphis Belle,februari 2013,,"Productinformatie Soort Met illustraties Taal Nederlands Gewicht 472,00 gram Geschikt voor 4 - 12 jaar Druk 1 ISBN10 9089418806 ISBN13 9789089418807","Je vindt dit boek in Categorieën Kind & Jeugd > Informatieve boeken Leeftijd 3-6 jaar , 6-9 jaar , 9-12 jaar",Nederlands Memphis Belle februari 2013
Dora - uitdeelboekjes,24 uitdeelboekjes,Verkoop door bol.com,Memphis Belle,december 2012,,"Productinformatie Soort Met illustraties Taal Nederlands Afmetingen 58x104x104 mm Gewicht 495,00 gram Geschikt voor 1 - 3 jaar Druk 1 ISBN10 9089416307 ISBN13 9789089416308","Je vindt dit boek in Categorieën Kind & Jeugd > Baby- & Peuterboekjes Trefwoord(en) Uitdeelboekjes Leeftijd 1-2 jaar , 2-3 jaar",Nederlands Memphis Belle december 2012
Buurman & buurman - het grote woordenboek,,Verkoop door bol.com,Memphis Belle,oktober 2012,,"Productinformatie Redactie Manon Geuskens Soort Met illustraties Taal Nederlands Afmetingen 10x307x257 mm Gewicht 511,00 gram Geschikt voor 0 - 12 jaar Druk 1 ISBN10 9089418792 ISBN13 9789089418791","Je vindt dit boek in Categorieën Kind & Jeugd > Kind & Jeugd overig Leeftijd 0-6 maanden , 1-2 jaar , 2-3 jaar , 3-6 jaar , 6-12 maanden , 6-9 jaar , 9-12 jaar",Nederlands Memphis Belle oktober 2012
Ooggetuigen - dieren,,"[""Auteur: Tom Jackson"", ""Verkoop door bol.com""]",Memphis Belle,oktober 2012,,"Productinformatie Auteur Tom Jackson Soort Met illustraties Taal Nederlands Afmetingen 10x286x223 mm Gewicht 535,00 gram Geschikt voor 4 - 12 jaar Druk 1 ISBN10 9089418644 ISBN13 9789089418647","Je vindt dit boek in Categorieën Kind & Jeugd > Informatieve boeken Trefwoord(en) Dieren , Oogetuigen Leeftijd 3-6 jaar , 6-9 jaar , 9-12 jaar",Nederlands Memphis Belle oktober 2012
En de wonderlijke pompoen,,"[""Auteur: Valerie Thomas"", ""Verkoop door bol.com""]",Memphis Belle,augustus 2012,,"Productinformatie Auteur Valerie Thomas Illustrator Korky Paul Soort Met illustraties Taal Nederlands Afmetingen 9x286x222 mm Gewicht 380,00 gram Geschikt voor 0 - 6 jaar Druk 1 ISBN10 9089414428 ISBN13 9789089414427","Je vindt dit boek in Categorieën Kind & Jeugd > Prentenboeken Leeftijd 0-6 maanden , 1-2 jaar , 2-3 jaar , 3-6 jaar , 6-12 maanden",Nederlands Memphis Belle augustus 2012
Superspinnen,,"[""Auteur: Charlotte Guillain"", ""Verkoop door bol.com""]",NBD,april 2015,,Productinformatie Auteur Charlotte Guillain Soort Met illustraties Taal Nederlands Vertaald door Karin Beneken-Kolmer Geschikt voor 4 - 12 jaar Druk 1 ISBN10 9462020922 ISBN13 9789462020924,"Je vindt dit boek in Categorieën Kind & Jeugd > Informatieve boeken Leeftijd 3-6 jaar , 6-9 jaar , 9-12 jaar",Nederlands NBD april 2015
Mijn Kraamtijd - invulboek,,"[""Auteur: Pauline Oud"", ""Verkoop door bol.com""]",Pauline Oud,september 2014,,"Productinformatie Auteur Pauline Oud Soort Met illustraties Taal Nederlands Afmetingen 25x215x189 mm Gewicht 534,00 gram Druk 1 ISBN10 9461445385 ISBN13 9789461445384","Je vindt dit boek in Categorieën Gezondheid & Psychologie > Opvoeding & Verzorging Kind & Jeugd > Opvoeding & Verzorging Gezondheid & Psychologie > Zwangerschap Trefwoord(en) Baby's , Dagboek , Diary , Invulboek , Opgroeiboek",Nederlands Pauline Oud september 2014
Spelende dieren,de regels van het spel,"[""Auteur: Marc Bekoff"", ""Verkoop door bol.com""]",Plasman Vertalingen,oktober 2013,,"Productinformatie Auteur Marc Bekoff Illustrator Michael J. Dimotta Soort Met illustraties Taal Nederlands Vertaald door Nannie de Nijs Bik-Plasman Afmetingen 10x235x187 mm Gewicht 301,00 gram Druk 1 ISBN10 9491700014 ISBN13 9789491700019",Je vindt dit boek in Categorieën Kind & Jeugd > Informatieve boeken,Nederlands Plasman Vertalingen oktober 2013
Prinsessia Prinsessenboek,Het grote prinsessenboek,"[""Auteur: Gert Verhulst"", ""Verkoop door bol.com""]",Studio 100 NV,juni 2014,,"Productinformatie Auteur Gert Verhulst Soort Met illustraties Taal Nederlands Afmetingen 22x303x268 mm Gewicht 1,17 kg Geschikt voor Meisjes , 3 - 12 jaar Druk 1 ISBN10 9059169891 ISBN13 9789059169890","Je vindt dit boek in Categorieën Kind & Jeugd > Romans & Zelf lezen Leeftijd 3-6 jaar , 6-9 jaar , 9-12 jaar",Nederlands Studio 100 NV juni 2014
Het megagrote uitklapboek,natuurlijke geschiedenis van het leven op aarde van het begin tot nu,"[""Auteur: Christopher Lloyd"", ""Verkoop door bol.com""]",Tirion Natuur,juli 2012,,"Productinformatie Auteur Christopher Lloyd Taal Nederlands Oorspronkelijke titel The What On Earth Wallbook Of Natural History Afmetingen 8x430x308 mm Gewicht 524,00 gram Geschikt voor 12 jaar en jonger Druk 1 ISBN10 9052108749 ISBN13 9789052108742",Je vindt dit boek in Categorieën Kind & Jeugd > Informatieve boeken Leeftijd 9-12 jaar,Nederlands Tirion Natuur juli 2012
Hoe word ik een detective?,,"[""Auteur: Dan Waddell"", ""Verkoop door bol.com""]",Trichis Publishing B.V.,april 2015,,Productinformatie Auteur Dan Waddell Taal Nederlands Geschikt voor 0 - 12 jaar Druk 1 ISBN10 9492077140 ISBN13 9789492077141,"Je vindt dit boek in Categorieën Kind & Jeugd > Kind & Jeugd overig Leeftijd 0-6 maanden , 1-2 jaar , 2-3 jaar , 3-6 jaar , 6-12 maanden , 6-9 jaar , 9-12 jaar",Nederlands Trichis Publishing B.V. april 2015
Papa en mama wonen apart,,"[""Auteur: Jolanda van Dam"", ""Verkoop door bol.com""]",Trichis Publishing B.V.,april 2015,,Productinformatie Auteur Jolanda van Dam Taal Nederlands Geschikt voor 4 - 12 jaar Druk 1 ISBN10 9492077132 ISBN13 9789492077134,"Je vindt dit boek in Categorieën Kind & Jeugd > Informatieve boeken Leeftijd 3-6 jaar , 6-9 jaar , 9-12 jaar",Nederlands Trichis Publishing B.V. april 2015
Nelsons yogaboek,,"[""Auteur: Laura Van Bouchout"", ""Verkoop door bol.com""]",Trichis Publishing B.V.,maart 2015,,Productinformatie Auteur Laura Van Bouchout Taal Nederlands Geschikt voor 0 - 12 jaar Druk 1 ISBN10 9492077159 ISBN13 9789492077158,"Je vindt dit boek in Categorieën Kind & Jeugd > Kind & Jeugd overig Leeftijd 0-6 maanden , 1-2 jaar , 2-3 jaar , 3-6 jaar , 6-12 maanden , 6-9 jaar , 9-12 jaar",Nederlands Trichis Publishing B.V. maart 2015
Zingen tegen pesten en cyberstalken,,"[""Auteur: Patrick Retour & Bart Verschueren"", ""Verkoop door bol.com""]",Uitgeverij Altiora Averbode NV,juli 2014,,"Productinformatie Auteur Patrick Retour, Bart Verschueren Illustrator Bart Vantieghem Soort Met illustraties Taal Nederlands Afmetingen 6x299x210 mm Gewicht 254,00 gram Geschikt voor 0 - 12 jaar Druk 1 ISBN10 9031737860 ISBN13 9789031737864","Je vindt dit boek in Categorieën Kind & Jeugd > Kind & Jeugd overig Leeftijd 0-6 maanden , 1-2 jaar , 2-3 jaar , 3-6 jaar , 6-12 maanden , 6-9 jaar , 9-12 jaar",Nederlands Uitgeverij Altiora Averbode NV juli 2014
Verhalen van Elia,,Verkoop door bol.com,Uitgeverij Altiora Averbode NV,juli 2014,,"Productinformatie Soort Met illustraties Taal Nederlands Afmetingen 5x246x171 mm Gewicht 181,00 gram Geschikt voor 4 - 12 jaar Druk 1 ISBN10 9031737771 ISBN13 9789031737772","Je vindt dit boek in Categorieën Kind & Jeugd > Kinderbijbels & Religie Leeftijd 3-6 jaar , 6-9 jaar , 9-12 jaar",Nederlands Uitgeverij Altiora Averbode NV juli 2014
Nellie & Cezar,"zo zeg je dat! op, onder ...","[""Auteur: Ingrid Godon & Sandrine Lambert"", ""Verkoop door bol.com""]",Uitgeverij Altiora Averbode NV,oktober 2012,,"Productinformatie Auteur Ingrid Godon, Sandrine Lambert Taal Nederlands Afmetingen 14x211x156 mm Gewicht 315,00 gram Geschikt voor 0 - 6 jaar Druk 1 ISBN10 9031735752 ISBN13 9789031735754","Je vindt dit boek in Categorieën Kind & Jeugd > Kind & Jeugd overig Leeftijd 0-6 maanden , 1-2 jaar , 2-3 jaar , 3-6 jaar , 6-12 maanden",Nederlands Uitgeverij Altiora Averbode NV oktober 2012
Nellie en Cezar / De 4 seizoenen: Winter,vier seizoenen,"[""Auteur: Ingrid Godon & Mieke van Hooft"", ""Verkoop door bol.com""]",Uitgeverij Altiora Averbode NV,oktober 2012,,"Productinformatie Auteur Ingrid Godon, Mieke van Hooft Soort Met illustraties Taal Nederlands Afmetingen 18x215x215 mm Gewicht 390,00 gram Geschikt voor 2 - 5 jaar Druk 1 ISBN10 9031735442 ISBN13 9789031735440","Je vindt dit boek in Categorieën Kind & Jeugd > Voorlees- & Sprookjesboeken Leeftijd 2-3 jaar , 3-6 jaar",Nederlands Uitgeverij Altiora Averbode NV oktober 2012
Piboule en de beer,,"[""Auteur: Fanny Meeschaert"", ""Verkoop door bol.com""]",Uitgeverij Altiora Averbode NV,september 2011,,"Productinformatie Auteur Fanny Meeschaert Illustrator Sandrine Pigeon Soort Met illustraties Taal Nederlands Afmetingen 4x220x191 mm Gewicht 152,00 gram Geschikt voor 12 jaar en jonger Druk 1 ISBN10 9031729663 ISBN13 9789031729661",Je vindt dit boek in Categorieën Kind & Jeugd > Kind & Jeugd overig Leeftijd 9-12 jaar,Nederlands Uitgeverij Altiora Averbode NV september 2011
Creatief tekenen met Missy Mila,,"[""Auteur: Liesbeth Pairoux"", ""Verkoop door bol.com""]",Uitgeverij Altiora Averbode NV,september 2011,,"Productinformatie Auteur Liesbeth Pairoux Illustrator Pascal Carbon, Vincent Bourgeau, Pronto, Sandrine Pigeon, Laurence Batigne Soort Met illustraties Taal Nederlands Gewicht 183,00 gram Geschikt voor 12 jaar en jonger Druk 1 ISBN10 9031729310 ISBN13 9789031729319",Je vindt dit boek in Categorieën Kind & Jeugd > Kind & Jeugd overig Leeftijd 9-12 jaar,Nederlands Uitgeverij Altiora Averbode NV september 2011
Ik Vier Met Jezus (Set),doeboekje + liedboek + handleiding + cd,"[""Auteur: Christine Leterme"", ""Verkoop door bol.com""]",Uitgeverij Altiora Averbode NV,september 2011,,"Productinformatie Auteur Christine Leterme Soort Met illustraties Taal Nederlands Afmetingen 18x302x246 mm Gewicht 561,00 gram Geschikt voor 12 jaar en jonger Druk 1 ISBN10 9031725307 ISBN13 9789031725304",Je vindt dit boek in Categorieën Kind & Jeugd > Kinderbijbels & Religie Leeftijd 9-12 jaar,Nederlands Uitgeverij Altiora Averbode NV september 2011
Niels en Nick / 2 2 Race tegen de klok,,"[""Auteur: Janneke van Reenen"", ""Verkoop door bol.com""]",Uitgeverij CBC 't Gulden Boek B.V.,maart 2014,,"Productinformatie Auteur Janneke van Reenen Illustrator Peter Nuyten Soort Met illustraties Taal Nederlands Afmetingen 13x222x153 mm Gewicht 264,00 gram Geschikt voor 10 - 12 jaar Druk 1 ISBN10 9033611988 ISBN13 9789033611988",Je vindt dit boek in Categorieën Kind & Jeugd > Romans & Zelf lezen Leeftijd 9-12 jaar,Nederlands Uitgeverij CBC 't Gulden Boek B.V. maart 2014
De grote hond,,"[""Auteur: Andrea Hensgen"", ""Verkoop door bol.com""]",,,,"Productinformatie Auteur Andrea Hensgen Illustrator Béatrice Rodriguez Soort Met illustraties Taal Nederlands Afmetingen 11x263x194 mm Gewicht 291,00 gram Geschikt voor 0 - 6 jaar Druk 1 ISBN10 9058389820 ISBN13 9789058389824","Je vindt dit boek in Categorieën Kind & Jeugd > Prentenboeken Leeftijd 0-6 maanden , 1-2 jaar , 2-3 jaar , 3-6 jaar , 6-12 maanden",
Heksje Mimi en de baby,,"[""Auteur: Kathleen Amant"", ""Verkoop door bol.com""]",,,,"Productinformatie Auteur Kathleen Amant Soort Met illustraties Taal Nederlands Afmetingen 9x269x255 mm Gewicht 398,00 gram Geschikt voor 0 - 6 jaar Druk 1 ISBN10 9044823612 ISBN13 9789044823615","Je vindt dit boek in Categorieën Kind & Jeugd > Prentenboeken Leeftijd 0-6 maanden , 1-2 jaar , 2-3 jaar , 3-6 jaar , 6-12 maanden",
De zoute goudvis,,"[""Auteur: Paul Biegel"", ""Verkoop door bol.com""]",,,,"Productinformatie Auteur Paul Biegel Illustrator Mies van Hout Soort Met illustraties Taal Nederlands Afmetingen 11x259x216 mm Gewicht 430,00 gram Geschikt voor 0 - 12 jaar Druk 1 ISBN10 9047704975 ISBN13 9789047704973","Je vindt dit boek in Categorieën Kind & Jeugd > Voorlees- & Sprookjesboeken Leeftijd 0-6 maanden , 1-2 jaar , 2-3 jaar , 3-6 jaar , 6-12 maanden , 6-9 jaar , 9-12 jaar",
Meisjesgeluk,knutselplezier voor jonge meiden; 40 creatieve ideeën die geluk brengen,"[""Auteur: Pia Deges"", ""Verkoop door bol.com""]",120 pagina's,SU Kids & Digits,februari 2015,"Productinformatie Auteur Pia Deges Soort Met illustraties Taal Nederlands Vertaald door Emmy Middelbeek Afmetingen 15x238x225 mm Gewicht 564,00 gram Geschikt voor 4 - 12 jaar Druk 1 ISBN10 9002256795 ISBN13 9789002256790","Je vindt dit boek in Categorieën Kind & Jeugd > Informatieve boeken Leeftijd 3-6 jaar , 6-9 jaar , 9-12 jaar",Nederlands 120 pagina's SU Kids & Digits februari 2015
Tekenschool,het grote tekenboek voor kinderen,"[""Auteur: Alexander von Knorre & Marie Geissler"", ""Co-auteur: Ina Hattenhauer & Stefanie Jeschke"", ""Verkoop door bol.com""]",136 pagina's,SU Kids & Digits,februari 2015,"Productinformatie Auteur Alexander von Knorre, Marie Geissler Co-auteur Ina Hattenhauer, Stefanie Jeschke Illustrator Rosa Linke, Nadja Rümelin, Franziska Walther Soort Met illustraties Taal Nederlands Afmetingen 12x284x212 mm Gewicht 591,00 gram Geschikt voor 4 - 12 jaar Druk 1 ISBN10 9002256787 ISBN13 9789002256783","Je vindt dit boek in Categorieën Kind & Jeugd > Informatieve boeken Leeftijd 3-6 jaar , 6-9 jaar , 9-12 jaar",Nederlands 136 pagina's SU Kids & Digits februari 2015
Een reus van een beer,,"[""Auteur: Kristien Dieltiens"", ""Verkoop door bol.com""]",,,,"Productinformatie Auteur Kristien Dieltiens Illustrator Seppe Van den Berghe Soort Met illustraties Taal Nederlands Afmetingen 18x219x175 mm Gewicht 516,00 gram Geschikt voor 4 - 12 jaar Druk 1 ISBN10 9058389979 ISBN13 9789058389978","Je vindt dit boek in Categorieën Kind & Jeugd > Leren lezen Leeftijd 3-6 jaar , 6-9 jaar , 9-12 jaar",
"Ver van eigen huis en haard, de kleine savoyaard","een verborgen geschiedenis, opgediept uit kinderboeken en centsprenten","[""Auteur: Dirk J. Tang"", ""Verkoop door bol.com""]",,,,"Productinformatie Auteur Dirk J. Tang Soort Met illustraties Taal Nederlands Afmetingen 3x267x186 mm Gewicht 177,00 gram Geschikt voor 0 - 12 jaar Druk 1 ISBN10 9490913510 ISBN13 9789490913519","Je vindt dit boek in Categorieën Kind & Jeugd > Kind & Jeugd overig Leeftijd 0-6 maanden , 1-2 jaar , 2-3 jaar , 3-6 jaar , 6-12 maanden , 6-9 jaar , 9-12 jaar",
Speel met Hopla! + DVD,,"[""Auteur: Bert Smets"", ""Verkoop door bol.com""]",,,,"Productinformatie Auteur Bert Smets Soort Met illustraties Taal Nederlands Afmetingen 20x303x218 mm Gewicht 252,00 gram Geschikt voor 1 - 3 jaar Druk 1 ISBN10 9031728594 ISBN13 9789031728596","Je vindt dit boek in Categorieën Kind & Jeugd > Baby- & Peuterboekjes Leeftijd 1-2 jaar , 2-3 jaar",
De trein van Stijn,,"[""Auteur: Alexis Nesme & Nvt."", ""Verkoop door bol.com""]",,,,"Productinformatie Auteur Alexis Nesme, Nvt. Overige betrokkenen Emilie Beaumont, Nathalie Bélineau Taal Nederlands Vertaald uit het Nederlands Afmetingen 19x172x156 mm Gewicht 247,00 gram Geschikt voor 1 - 3 jaar Druk 1 ISBN10 2504440812 ISBN13 9782504440810","Je vindt dit boek in Categorieën Kind & Jeugd > Baby- & Peuterboekjes Trefwoord(en) Rijmvertellingen , Treinen Leeftijd 1-2 jaar , 2-3 jaar",
Vloek van de kleine kers,,"[""Auteur: Geert Vanspauwen"", ""Verkoop door bol.com""]",,,,Productinformatie Auteur Geert Vanspauwen Taal Nederlands Geschikt voor 13 - 15 jaar Druk 1 ISBN10 1616270675 ISBN13 9781616270674,Je vindt dit boek in Categorieën Kind & Jeugd > Romans & Zelf lezen Leeftijd 12 jaar en ouder,
Badderen met Pim en Pom,,"[""Auteur: Mies Bouhuys"", ""Verkoop door bol.com""]",,,,"Productinformatie Auteur Mies Bouhuys Illustrator Fiep Westendorp Overige betrokkenen Mies Bouhuys Soort Met illustraties Taal Nederlands Afmetingen 16x213x167 mm Gewicht 52,00 gram Geschikt voor 0 - 12 jaar Druk 1 ISBN10 9045116472 ISBN13 9789045116471","Je vindt dit boek in Categorieën Kind & Jeugd > Kind & Jeugd overig Trefwoord(en) baby's , badboekje Leeftijd 0-6 maanden , 1-2 jaar , 2-3 jaar , 3-6 jaar , 6-12 maanden , 6-9 jaar , 9-12 jaar",
Booster,even dynamisch als de film!,"[""Auteur: Dirk Dobbeleers & Marc Hendrickx"", ""Verkoop door bol.com""]",,,,"Productinformatie Auteur Dirk Dobbeleers, Marc Hendrickx Overige betrokkenen Dirk Dobbeleers Soort Met illustraties Taal Nederlands Afmetingen 16x215x140 mm Gewicht 261,00 gram Geschikt voor 13 - 15 jaar Druk 1 ISBN10 9462342636 ISBN13 9789462342637",Je vindt dit boek in Categorieën Kind & Jeugd > Romans & Zelf lezen Trefwoord(en) Hangjongeren Leeftijd 12 jaar en ouder,
Bedreigd,,"[""Auteur: Kevin Brooks"", ""Conditie: Als nieuw \""alleen afdruk van prijzensticker zichtbaar\""""]",,,,"Productinformatie Auteur Kevin Brooks Taal Nederlands Vertaald door Wiebe Buddingh' Gewicht 414,00 gram Geschikt voor 13 - 15 jaar Druk 1 ISBN10 9022323730 ISBN13 9789022323731",Je vindt dit boek in Categorieën Kind & Jeugd > Romans & Zelf lezen Leeftijd 12 jaar en ouder,
