link_to_book/_source,link_to_book/_text,cover_image/_title,cover_image/_alt,cover_image/_source,link_to_book,link_to_book/_title,cover_image
/nl/p/mzzlmeiden-on-tour/1001004002816660/,MZZLmeiden on tour,MZZLmeiden on tour,MZZLmeiden on tour,//s.s-bol.com/imgbase0/imagebase/thumb/FC/0/6/6/6/1001004002816660.jpg,http://www.bol.com/nl/p/mzzlmeiden-on-tour/1001004002816660/,MZZLmeiden on tour,http://s.s-bol.com/imgbase0/imagebase/thumb/FC/0/6/6/6/1001004002816660.jpg
/nl/p/de-opdracht/9200000038306242/,De opdracht,De opdracht,De opdracht,//s.s-bol.com/imgbase0/imagebase3/thumb/FC/2/4/2/6/9200000038306242.jpg,http://www.bol.com/nl/p/de-opdracht/9200000038306242/,De opdracht,http://s.s-bol.com/imgbase0/imagebase3/thumb/FC/2/4/2/6/9200000038306242.jpg
/nl/p/rotterdam/9200000036349981/,Rotterdam,Rotterdam,Rotterdam,//s.s-bol.com/nl/static/images/main/noimage_124x100default.gif,http://www.bol.com/nl/p/rotterdam/9200000036349981/,Rotterdam,http://s.s-bol.com/nl/static/images/main/noimage_124x100default.gif
/nl/p/huiver/9200000039507629/,Huiver,Huiver,Huiver,//s.s-bol.com/imgbase0/imagebase3/thumb/FC/9/2/6/7/9200000039507629.jpg,http://www.bol.com/nl/p/huiver/9200000039507629/,Huiver,http://s.s-bol.com/imgbase0/imagebase3/thumb/FC/9/2/6/7/9200000039507629.jpg
/nl/p/bezwering/9200000039507562/,Bezwering,Bezwering,Bezwering,//s.s-bol.com/imgbase0/imagebase3/thumb/FC/2/6/5/7/9200000039507562.jpg,http://www.bol.com/nl/p/bezwering/9200000039507562/,Bezwering,http://s.s-bol.com/imgbase0/imagebase3/thumb/FC/2/6/5/7/9200000039507562.jpg
/nl/p/stad-van-beenderen-1/9200000039539544/,Stad van Beenderen / 1,Stad van Beenderen / 1,Stad van Beenderen / 1,//s.s-bol.com/imgbase0/imagebase3/thumb/FC/4/4/5/9/9200000039539544.jpg,http://www.bol.com/nl/p/stad-van-beenderen-1/9200000039539544/,Stad van Beenderen / 1,http://s.s-bol.com/imgbase0/imagebase3/thumb/FC/4/4/5/9/9200000039539544.jpg
/nl/p/bloedverwanten-1/9200000039507647/,Bloedverwanten / 1,Bloedverwanten / 1,Bloedverwanten / 1,//s.s-bol.com/imgbase0/imagebase3/thumb/FC/7/4/6/7/9200000039507647.jpg,http://www.bol.com/nl/p/bloedverwanten-1/9200000039507647/,Bloedverwanten / 1,http://s.s-bol.com/imgbase0/imagebase3/thumb/FC/7/4/6/7/9200000039507647.jpg
/nl/p/de-ijzerlegendes/9200000036494996/,De IJzerlegendes,De IJzerlegendes,De IJzerlegendes,//s.s-bol.com/imgbase0/imagebase3/thumb/FC/6/9/9/4/9200000036494996.jpg,http://www.bol.com/nl/p/de-ijzerlegendes/9200000036494996/,De IJzerlegendes,http://s.s-bol.com/imgbase0/imagebase3/thumb/FC/6/9/9/4/9200000036494996.jpg
/nl/p/pretty-little-liars-7-laster/9200000002272121/,Pretty little liars 7 - Laster,Pretty little liars 7 - Laster,Pretty little liars 7 - Laster,//s.s-bol.com/imgbase0/imagebase/thumb/FC/1/2/1/2/9200000002272121.jpg,http://www.bol.com/nl/p/pretty-little-liars-7-laster/9200000002272121/,Pretty little liars 7 - Laster,http://s.s-bol.com/imgbase0/imagebase/thumb/FC/1/2/1/2/9200000002272121.jpg
/nl/p/behekst/9200000035988892/,Behekst,Behekst,Behekst,//s.s-bol.com/imgbase0/imagebase3/thumb/FC/2/9/8/8/9200000035988892.jpg,http://www.bol.com/nl/p/behekst/9200000035988892/,Behekst,http://s.s-bol.com/imgbase0/imagebase3/thumb/FC/2/9/8/8/9200000035988892.jpg
/nl/p/ontwaken/9200000035988878/,Ontwaken,Ontwaken,Ontwaken,//s.s-bol.com/imgbase0/imagebase3/thumb/FC/8/7/8/8/9200000035988878.jpg,http://www.bol.com/nl/p/ontwaken/9200000035988878/,Ontwaken,http://s.s-bol.com/imgbase0/imagebase3/thumb/FC/8/7/8/8/9200000035988878.jpg
/nl/p/the-pointless-book/9200000035988927/,The Pointless Book,The Pointless Book,The Pointless Book,//s.s-bol.com/imgbase0/imagebase3/thumb/FC/7/2/9/8/9200000035988927.jpg,http://www.bol.com/nl/p/the-pointless-book/9200000035988927/,The Pointless Book,http://s.s-bol.com/imgbase0/imagebase3/thumb/FC/7/2/9/8/9200000035988927.jpg
/nl/p/zwarte-magie/9200000035988864/,Zwarte magie,Zwarte magie,Zwarte magie,//s.s-bol.com/imgbase0/imagebase3/thumb/FC/4/6/8/8/9200000035988864.jpg,http://www.bol.com/nl/p/zwarte-magie/9200000035988864/,Zwarte magie,http://s.s-bol.com/imgbase0/imagebase3/thumb/FC/4/6/8/8/9200000035988864.jpg
/nl/p/honger/9200000011356603/,Honger,Honger,Honger,//s.s-bol.com/imgbase0/imagebase/thumb/FC/3/0/6/6/9200000011356603.jpg,http://www.bol.com/nl/p/honger/9200000011356603/,Honger,http://s.s-bol.com/imgbase0/imagebase/thumb/FC/3/0/6/6/9200000011356603.jpg
/nl/p/de-tovervinger/1001004002097572/,De Tovervinger,De Tovervinger,De Tovervinger,//s.s-bol.com/imgbase0/imagebase/thumb/FC/2/7/5/7/1001004002097572.jpg,http://www.bol.com/nl/p/de-tovervinger/1001004002097572/,De Tovervinger,http://s.s-bol.com/imgbase0/imagebase/thumb/FC/2/7/5/7/1001004002097572.jpg
/nl/p/de-nevelprins/9200000035871408/,De nevelprins,"[""De nevelprins"", nil]","[""De nevelprins"", nil]","[""//s.s-bol.com/imgbase0/imagebase3/thumb/FC/8/0/4/1/9200000035871408.jpg"", nil]",http://www.bol.com/nl/p/de-nevelprins/9200000035871408/,De nevelprins,"[""http://s.s-bol.com/imgbase0/imagebase3/thumb/FC/8/0/4/1/9200000035871408.jpg"", ""http://s.s-bol.com/nl/static/images/main/tool_tip.gif""]"
/nl/p/het-middernachtspaleis/9200000035871241/,Het middernachtspaleis,"[""Het middernachtspaleis"", nil]","[""Het middernachtspaleis"", nil]","[""//s.s-bol.com/imgbase0/imagebase3/thumb/FC/1/4/2/1/9200000035871241.jpg"", nil]",http://www.bol.com/nl/p/het-middernachtspaleis/9200000035871241/,Het middernachtspaleis,"[""http://s.s-bol.com/imgbase0/imagebase3/thumb/FC/1/4/2/1/9200000035871241.jpg"", ""http://s.s-bol.com/nl/static/images/main/tool_tip.gif""]"
/nl/p/middernacht/9200000038695241/,Middernacht,"[""Middernacht"", nil]","[""Middernacht"", nil]","[""//s.s-bol.com/imgbase0/imagebase3/thumb/FC/1/4/2/5/9200000038695241.jpg"", nil]",http://www.bol.com/nl/p/middernacht/9200000038695241/,Middernacht,"[""http://s.s-bol.com/imgbase0/imagebase3/thumb/FC/1/4/2/5/9200000038695241.jpg"", ""http://s.s-bol.com/nl/static/images/main/tool_tip.gif""]"
/nl/p/brand-in-berlijn/1001004002378575/,Brand in Berlijn,"[""Brand in Berlijn"", nil]","[""Brand in Berlijn"", nil]","[""//s.s-bol.com/imgbase0/imagebase/thumb/FC/5/7/5/8/1001004002378575.jpg"", nil]",http://www.bol.com/nl/p/brand-in-berlijn/1001004002378575/,Brand in Berlijn,"[""http://s.s-bol.com/imgbase0/imagebase/thumb/FC/5/7/5/8/1001004002378575.jpg"", ""http://s.s-bol.com/nl/static/images/main/tool_tip.gif""]"
/nl/p/spijt/9200000024508833/,Spijt!,"[""Spijt!"", nil]","[""Spijt!"", nil]","[""//s.s-bol.com/imgbase0/imagebase3/thumb/FC/3/3/8/8/9200000024508833.jpg"", nil]",http://www.bol.com/nl/p/spijt/9200000024508833/,Spijt!,"[""http://s.s-bol.com/imgbase0/imagebase3/thumb/FC/3/3/8/8/9200000024508833.jpg"", ""http://s.s-bol.com/nl/static/images/main/tool_tip.gif""]"
/nl/p/gevaar-in-de-graftombe/9200000030255177/,Gevaar in de graftombe,"[""Gevaar in de graftombe"", nil]","[""Gevaar in de graftombe"", nil]","[""//s.s-bol.com/imgbase0/imagebase3/thumb/FC/7/7/1/5/9200000030255177.jpg"", nil]",http://www.bol.com/nl/p/gevaar-in-de-graftombe/9200000030255177/,Gevaar in de graftombe,"[""http://s.s-bol.com/imgbase0/imagebase3/thumb/FC/7/7/1/5/9200000030255177.jpg"", ""http://s.s-bol.com/nl/static/images/main/tool_tip.gif""]"
/nl/p/booster/9200000035610645/,Booster,"[""Booster"", nil]","[""Booster"", nil]","[""//s.s-bol.com/imgbase0/imagebase3/thumb/FC/5/4/6/0/9200000035610645.jpg"", nil]",http://www.bol.com/nl/p/booster/9200000035610645/,Booster,"[""http://s.s-bol.com/imgbase0/imagebase3/thumb/FC/5/4/6/0/9200000035610645.jpg"", ""http://s.s-bol.com/nl/static/images/main/tool_tip.gif""]"
/nl/p/het-legendarisch-labyrint/9200000030255139/,Het legendarisch labyrint,"[""Het legendarisch labyrint"", nil]","[""Het legendarisch labyrint"", nil]","[""//s.s-bol.com/imgbase0/imagebase3/thumb/FC/9/3/1/5/9200000030255139.jpg"", nil]",http://www.bol.com/nl/p/het-legendarisch-labyrint/9200000030255139/,Het legendarisch labyrint,"[""http://s.s-bol.com/imgbase0/imagebase3/thumb/FC/9/3/1/5/9200000030255139.jpg"", ""http://s.s-bol.com/nl/static/images/main/tool_tip.gif""]"
/nl/p/razend/9200000024305729/,Razend,"[""Razend"", nil]","[""Razend"", nil]","[""//s.s-bol.com/imgbase0/imagebase3/thumb/FC/9/2/7/5/9200000024305729.jpg"", nil]",http://www.bol.com/nl/p/razend/9200000024305729/,Razend,"[""http://s.s-bol.com/imgbase0/imagebase3/thumb/FC/9/2/7/5/9200000024305729.jpg"", ""http://s.s-bol.com/nl/static/images/main/tool_tip.gif""]"
/nl/p/paniek/9200000024508814/,Paniek,"[""Paniek"", nil]","[""Paniek"", nil]","[""//s.s-bol.com/imgbase0/imagebase3/thumb/FC/4/1/8/8/9200000024508814.jpg"", nil]",http://www.bol.com/nl/p/paniek/9200000024508814/,Paniek,"[""http://s.s-bol.com/imgbase0/imagebase3/thumb/FC/4/1/8/8/9200000024508814.jpg"", ""http://s.s-bol.com/nl/static/images/main/tool_tip.gif""]"
/nl/p/verdwenen-in-het-niets/9200000033383676/,Verdwenen in het niets,"[""Verdwenen in het niets"", nil]","[""Verdwenen in het niets"", nil]","[""//s.s-bol.com/imgbase0/imagebase3/thumb/FC/6/7/6/3/9200000033383676.jpg"", nil]",http://www.bol.com/nl/p/verdwenen-in-het-niets/9200000033383676/,Verdwenen in het niets,"[""http://s.s-bol.com/imgbase0/imagebase3/thumb/FC/6/7/6/3/9200000033383676.jpg"", ""http://s.s-bol.com/nl/static/images/main/tool_tip.gif""]"
/nl/p/offergave/9200000031365744/,Offergave,"[""Offergave"", nil]","[""Offergave"", nil]","[""//s.s-bol.com/imgbase0/imagebase3/thumb/FC/4/4/7/5/9200000031365744.jpg"", nil]",http://www.bol.com/nl/p/offergave/9200000031365744/,Offergave,"[""http://s.s-bol.com/imgbase0/imagebase3/thumb/FC/4/4/7/5/9200000031365744.jpg"", ""http://s.s-bol.com/nl/static/images/main/tool_tip.gif""]"
/nl/p/radeloos/9200000024508810/,Radeloos,"[""Radeloos"", nil]","[""Radeloos"", nil]","[""//s.s-bol.com/imgbase0/imagebase3/thumb/FC/0/1/8/8/9200000024508810.jpg"", nil]",http://www.bol.com/nl/p/radeloos/9200000024508810/,Radeloos,"[""http://s.s-bol.com/imgbase0/imagebase3/thumb/FC/0/1/8/8/9200000024508810.jpg"", ""http://s.s-bol.com/nl/static/images/main/tool_tip.gif""]"
/nl/p/race-door-rome/9200000030255189/,Race door Rome,"[""Race door Rome"", nil]","[""Race door Rome"", nil]","[""//s.s-bol.com/imgbase0/imagebase3/thumb/FC/9/8/1/5/9200000030255189.jpg"", nil]",http://www.bol.com/nl/p/race-door-rome/9200000030255189/,Race door Rome,"[""http://s.s-bol.com/imgbase0/imagebase3/thumb/FC/9/8/1/5/9200000030255189.jpg"", ""http://s.s-bol.com/nl/static/images/main/tool_tip.gif""]"
/nl/p/kappen/9200000024508758/,Kappen!,"[""Kappen!"", nil]","[""Kappen!"", nil]","[""//s.s-bol.com/imgbase0/imagebase3/thumb/FC/8/5/7/8/9200000024508758.jpg"", nil]",http://www.bol.com/nl/p/kappen/9200000024508758/,Kappen!,"[""http://s.s-bol.com/imgbase0/imagebase3/thumb/FC/8/5/7/8/9200000024508758.jpg"", ""http://s.s-bol.com/nl/static/images/main/tool_tip.gif""]"
/nl/p/middeleeuws-mysterie/9200000030255228/,Middeleeuws mysterie,"[""Middeleeuws mysterie"", nil]","[""Middeleeuws mysterie"", nil]","[""//s.s-bol.com/imgbase0/imagebase3/thumb/FC/8/2/2/5/9200000030255228.jpg"", nil]",http://www.bol.com/nl/p/middeleeuws-mysterie/9200000030255228/,Middeleeuws mysterie,"[""http://s.s-bol.com/imgbase0/imagebase3/thumb/FC/8/2/2/5/9200000030255228.jpg"", ""http://s.s-bol.com/nl/static/images/main/tool_tip.gif""]"
/nl/p/de-duistere-fae/9200000031365591/,De duistere fae,"[""De duistere fae"", nil]","[""De duistere fae"", nil]","[""//s.s-bol.com/imgbase0/imagebase/thumb/FC/1/9/5/5/9200000031365591.jpg"", nil]",http://www.bol.com/nl/p/de-duistere-fae/9200000031365591/,De duistere fae,"[""http://s.s-bol.com/imgbase0/imagebase/thumb/FC/1/9/5/5/9200000031365591.jpg"", ""http://s.s-bol.com/nl/static/images/main/tool_tip.gif""]"
/nl/p/het-godinnenoffer/9200000026730350/,Het godinnenoffer,"[""Het godinnenoffer"", nil]","[""Het godinnenoffer"", nil]","[""//s.s-bol.com/imgbase0/imagebase3/thumb/FC/0/5/3/0/9200000026730350.jpg"", nil]",http://www.bol.com/nl/p/het-godinnenoffer/9200000026730350/,Het godinnenoffer,"[""http://s.s-bol.com/imgbase0/imagebase3/thumb/FC/0/5/3/0/9200000026730350.jpg"", ""http://s.s-bol.com/nl/static/images/main/tool_tip.gif""]"
/nl/p/matilda/9200000025900950/,Matilda,"[""Matilda"", nil]","[""Matilda"", nil]","[""//s.s-bol.com/imgbase0/imagebase/thumb/FC/0/5/9/0/9200000025900950.jpg"", nil]",http://www.bol.com/nl/p/matilda/9200000025900950/,Matilda,"[""http://s.s-bol.com/imgbase0/imagebase/thumb/FC/0/5/9/0/9200000025900950.jpg"", ""http://s.s-bol.com/nl/static/images/main/tool_tip.gif""]"
/nl/p/donds-offer/9200000026586249/,Donds offer,"[""Donds offer"", nil]","[""Donds offer"", nil]","[""//s.s-bol.com/imgbase0/imagebase/thumb/FC/9/4/2/6/9200000026586249.jpg"", nil]",http://www.bol.com/nl/p/donds-offer/9200000026586249/,Donds offer,"[""http://s.s-bol.com/imgbase0/imagebase/thumb/FC/9/4/2/6/9200000026586249.jpg"", ""http://s.s-bol.com/nl/static/images/main/tool_tip.gif""]"
/nl/p/engelen-in-het-donker/9200000026586206/,Engelen in het donker,"[""Engelen in het donker"", nil]","[""Engelen in het donker"", nil]","[""//s.s-bol.com/imgbase0/imagebase/thumb/FC/6/0/2/6/9200000026586206.jpg"", nil]",http://www.bol.com/nl/p/engelen-in-het-donker/9200000026586206/,Engelen in het donker,"[""http://s.s-bol.com/imgbase0/imagebase/thumb/FC/6/0/2/6/9200000026586206.jpg"", ""http://s.s-bol.com/nl/static/images/main/tool_tip.gif""]"
/nl/p/kinderknutselboek/9200000026440417/,Kinderknutselboek,"[""Kinderknutselboek"", nil]","[""Kinderknutselboek"", nil]","[""//s.s-bol.com/imgbase0/imagebase/thumb/FC/7/1/4/0/9200000026440417.jpg"", nil]",http://www.bol.com/nl/p/kinderknutselboek/9200000026440417/,Kinderknutselboek,"[""http://s.s-bol.com/imgbase0/imagebase/thumb/FC/7/1/4/0/9200000026440417.jpg"", ""http://s.s-bol.com/nl/static/images/main/tool_tip.gif""]"
/nl/p/de-olijke-tweeling-wil-winnen/9200000023004516/,De olijke tweeling wil winnen!,"[""De olijke tweeling wil winnen!"", nil]","[""De olijke tweeling wil winnen!"", nil]","[""//s.s-bol.com/imgbase0/imagebase/thumb/FC/6/1/5/4/9200000023004516.jpg"", nil]",http://www.bol.com/nl/p/de-olijke-tweeling-wil-winnen/9200000023004516/,De olijke tweeling wil winnen!,"[""http://s.s-bol.com/imgbase0/imagebase/thumb/FC/6/1/5/4/9200000023004516.jpg"", ""http://s.s-bol.com/nl/static/images/main/tool_tip.gif""]"
/nl/p/smaken-verschillen/9200000023785793/,Smaken verschillen,"[""Smaken verschillen"", nil]","[""Smaken verschillen"", nil]","[""//s.s-bol.com/imgbase0/imagebase/thumb/FC/3/9/7/5/9200000023785793.jpg"", nil]",http://www.bol.com/nl/p/smaken-verschillen/9200000023785793/,Smaken verschillen,"[""http://s.s-bol.com/imgbase0/imagebase/thumb/FC/3/9/7/5/9200000023785793.jpg"", ""http://s.s-bol.com/nl/static/images/main/tool_tip.gif""]"
/nl/p/hondeneters/9200000022383331/,Hondeneters,"[""Hondeneters"", nil]","[""Hondeneters"", nil]","[""//s.s-bol.com/imgbase0/imagebase/thumb/FC/1/3/3/3/9200000022383331.jpg"", nil]",http://www.bol.com/nl/p/hondeneters/9200000022383331/,Hondeneters,"[""http://s.s-bol.com/imgbase0/imagebase/thumb/FC/1/3/3/3/9200000022383331.jpg"", ""http://s.s-bol.com/nl/static/images/main/tool_tip.gif""]"
/nl/p/leugens/9200000022092094/,Leugens,"[""Leugens"", nil]","[""Leugens"", nil]","[""//s.s-bol.com/imgbase0/imagebase/thumb/FC/4/9/0/2/9200000022092094.jpg"", nil]",http://www.bol.com/nl/p/leugens/9200000022092094/,Leugens,"[""http://s.s-bol.com/imgbase0/imagebase/thumb/FC/4/9/0/2/9200000022092094.jpg"", ""http://s.s-bol.com/nl/static/images/main/tool_tip.gif""]"
/nl/p/warrior-cats-de-wildernis-in/9200000025792918/,Warrior cats / De wildernis in,"[""Warrior cats / De wildernis in"", nil]","[""Warrior cats / De wildernis in"", nil]","[""//s.s-bol.com/imgbase0/imagebase3/thumb/FC/8/1/9/2/9200000025792918.jpg"", nil]",http://www.bol.com/nl/p/warrior-cats-de-wildernis-in/9200000025792918/,Warrior cats / De wildernis in,"[""http://s.s-bol.com/imgbase0/imagebase3/thumb/FC/8/1/9/2/9200000025792918.jpg"", ""http://s.s-bol.com/nl/static/images/main/tool_tip.gif""]"
/nl/p/liefde-en-ander-onbehoorlijk-gedrag/9200000022857449/,Liefde en ander onbehoorlijk gedrag,"[""Liefde en ander onbehoorlijk gedrag"", nil]","[""Liefde en ander onbehoorlijk gedrag"", nil]","[""//s.s-bol.com/imgbase0/imagebase/thumb/FC/9/4/4/7/9200000022857449.jpg"", nil]",http://www.bol.com/nl/p/liefde-en-ander-onbehoorlijk-gedrag/9200000022857449/,Liefde en ander onbehoorlijk gedrag,"[""http://s.s-bol.com/imgbase0/imagebase/thumb/FC/9/4/4/7/9200000022857449.jpg"", ""http://s.s-bol.com/nl/static/images/main/tool_tip.gif""]"
/nl/p/versplinter-me/9200000022439398/,Versplinter me,"[""Versplinter me"", nil]","[""Versplinter me"", nil]","[""//s.s-bol.com/imgbase0/imagebase/thumb/FC/8/9/3/9/9200000022439398.jpg"", nil]",http://www.bol.com/nl/p/versplinter-me/9200000022439398/,Versplinter me,"[""http://s.s-bol.com/imgbase0/imagebase/thumb/FC/8/9/3/9/9200000022439398.jpg"", ""http://s.s-bol.com/nl/static/images/main/tool_tip.gif""]"
/nl/p/afblijven/9200000023247667/,Afblijven,"[""Afblijven"", nil]","[""Afblijven"", nil]","[""//s.s-bol.com/imgbase0/imagebase/thumb/FC/7/6/6/7/9200000023247667.jpg"", nil]",http://www.bol.com/nl/p/afblijven/9200000023247667/,Afblijven,"[""http://s.s-bol.com/imgbase0/imagebase/thumb/FC/7/6/6/7/9200000023247667.jpg"", ""http://s.s-bol.com/nl/static/images/main/tool_tip.gif""]"
/nl/p/ready-player-one/9200000016321243/,Ready player one,"[""Ready player one"", nil]","[""Ready player one"", nil]","[""//s.s-bol.com/imgbase0/imagebase/thumb/FC/3/4/2/1/9200000016321243.jpg"", nil]",http://www.bol.com/nl/p/ready-player-one/9200000016321243/,Ready player one,"[""http://s.s-bol.com/imgbase0/imagebase/thumb/FC/3/4/2/1/9200000016321243.jpg"", ""http://s.s-bol.com/nl/static/images/main/tool_tip.gif""]"
/nl/p/de-adelaar-en-de-koning-deel-1/9200000015512067/,De adelaar en de koning / deel 1,"[""De adelaar en de koning / deel 1"", nil]","[""De adelaar en de koning / deel 1"", nil]","[""//s.s-bol.com/imgbase0/imagebase/thumb/FC/7/6/0/2/9200000015512067.jpg"", nil]",http://www.bol.com/nl/p/de-adelaar-en-de-koning-deel-1/9200000015512067/,De adelaar en de koning / deel 1,"[""http://s.s-bol.com/imgbase0/imagebase/thumb/FC/7/6/0/2/9200000015512067.jpg"", ""http://s.s-bol.com/nl/static/images/main/tool_tip.gif""]"
/nl/p/gevaarlijk-ijs/1001004001986855/,Gevaarlijk ijs,Gevaarlijk ijs,Gevaarlijk ijs,//s.s-bol.com/imgbase0/imagebase/thumb/FC/5/5/8/6/1001004001986855.jpg,http://www.bol.com/nl/p/gevaarlijk-ijs/1001004001986855/,Gevaarlijk ijs,http://s.s-bol.com/imgbase0/imagebase/thumb/FC/5/5/8/6/1001004001986855.jpg
/nl/p/borre-en-de-baardapen/9200000005930277/,Borre en de baardapen,"[""Borre en de baardapen"", nil]","[""Borre en de baardapen"", nil]","[""//s.s-bol.com/imgbase0/imagebase/thumb/FC/7/7/2/0/9200000005930277.jpg"", nil]",http://www.bol.com/nl/p/borre-en-de-baardapen/9200000005930277/,Borre en de baardapen,"[""http://s.s-bol.com/imgbase0/imagebase/thumb/FC/7/7/2/0/9200000005930277.jpg"", ""http://s.s-bol.com/nl/static/images/main/tool_tip.gif""]"
/nl/p/borre-zoals-was-toen-nieuw-wasmachine/9200000005930265/,Borre en de zoals-het-was-toen-het-nieuw-wasmachine,"[""Borre en de zoals-het-was-toen-het-nieuw-wasmachine"", nil]","[""Borre en de zoals-het-was-toen-het-nieuw-wasmachine"", nil]","[""//s.s-bol.com/imgbase0/imagebase/thumb/FC/5/6/2/0/9200000005930265.jpg"", nil]",http://www.bol.com/nl/p/borre-zoals-was-toen-nieuw-wasmachine/9200000005930265/,Borre en de zoals-het-was-toen-het-nieuw-wasmachine,"[""http://s.s-bol.com/imgbase0/imagebase/thumb/FC/5/6/2/0/9200000005930265.jpg"", ""http://s.s-bol.com/nl/static/images/main/tool_tip.gif""]"
/nl/p/borre-en-de-zegels-van-vermist/9200000010072439/,Borre en de zegels van vermist,"[""Borre en de zegels van vermist"", nil]","[""Borre en de zegels van vermist"", nil]","[""//s.s-bol.com/imgbase0/imagebase/thumb/FC/9/3/4/2/9200000010072439.jpg"", nil]",http://www.bol.com/nl/p/borre-en-de-zegels-van-vermist/9200000010072439/,Borre en de zegels van vermist,"[""http://s.s-bol.com/imgbase0/imagebase/thumb/FC/9/3/4/2/9200000010072439.jpg"", ""http://s.s-bol.com/nl/static/images/main/tool_tip.gif""]"
/nl/p/borre-en-de-diepvriesmens/9200000005930279/,Borre en de diepvriesmens,"[""Borre en de diepvriesmens"", nil]","[""Borre en de diepvriesmens"", nil]","[""//s.s-bol.com/imgbase0/imagebase/thumb/FC/9/7/2/0/9200000005930279.jpg"", nil]",http://www.bol.com/nl/p/borre-en-de-diepvriesmens/9200000005930279/,Borre en de diepvriesmens,"[""http://s.s-bol.com/imgbase0/imagebase/thumb/FC/9/7/2/0/9200000005930279.jpg"", ""http://s.s-bol.com/nl/static/images/main/tool_tip.gif""]"
/nl/p/borre-en-maffe-fia/9200000005930281/,Borre en maffe fia,"[""Borre en maffe fia"", nil]","[""Borre en maffe fia"", nil]","[""//s.s-bol.com/imgbase0/imagebase/thumb/FC/1/8/2/0/9200000005930281.jpg"", nil]",http://www.bol.com/nl/p/borre-en-maffe-fia/9200000005930281/,Borre en maffe fia,"[""http://s.s-bol.com/imgbase0/imagebase/thumb/FC/1/8/2/0/9200000005930281.jpg"", ""http://s.s-bol.com/nl/static/images/main/tool_tip.gif""]"
/nl/p/borre-en-de-dwarrelkaas/9200000009230253/,Borre en de dwarrelkaas,"[""Borre en de dwarrelkaas"", nil]","[""Borre en de dwarrelkaas"", nil]","[""//s.s-bol.com/imgbase0/imagebase/thumb/FC/3/5/2/0/9200000009230253.jpg"", nil]",http://www.bol.com/nl/p/borre-en-de-dwarrelkaas/9200000009230253/,Borre en de dwarrelkaas,"[""http://s.s-bol.com/imgbase0/imagebase/thumb/FC/3/5/2/0/9200000009230253.jpg"", ""http://s.s-bol.com/nl/static/images/main/tool_tip.gif""]"
/nl/p/borre-en-kino-kaligari/9200000010072371/,Borre en kino kaligari,"[""Borre en kino kaligari"", nil]","[""Borre en kino kaligari"", nil]","[""//s.s-bol.com/imgbase0/imagebase/thumb/FC/1/7/3/2/9200000010072371.jpg"", nil]",http://www.bol.com/nl/p/borre-en-kino-kaligari/9200000010072371/,Borre en kino kaligari,"[""http://s.s-bol.com/imgbase0/imagebase/thumb/FC/1/7/3/2/9200000010072371.jpg"", ""http://s.s-bol.com/nl/static/images/main/tool_tip.gif""]"
/nl/p/cordeluna/9200000006236936/,Cordeluna,"[""Cordeluna"", nil]","[""Cordeluna"", nil]","[""//s.s-bol.com/imgbase0/imagebase/thumb/FC/6/3/9/6/9200000006236936.jpg"", nil]",http://www.bol.com/nl/p/cordeluna/9200000006236936/,Cordeluna,"[""http://s.s-bol.com/imgbase0/imagebase/thumb/FC/6/3/9/6/9200000006236936.jpg"", ""http://s.s-bol.com/nl/static/images/main/tool_tip.gif""]"
/nl/p/live-uit-bagdad/9200000007707933/,Live uit Bagdad,"[""Live uit Bagdad"", nil]","[""Live uit Bagdad"", nil]","[""//s.s-bol.com/imgbase0/imagebase/thumb/FC/3/3/9/7/9200000007707933.jpg"", nil]",http://www.bol.com/nl/p/live-uit-bagdad/9200000007707933/,Live uit Bagdad,"[""http://s.s-bol.com/imgbase0/imagebase/thumb/FC/3/3/9/7/9200000007707933.jpg"", ""http://s.s-bol.com/nl/static/images/main/tool_tip.gif""]"
/nl/p/de-ijzerprinses/9200000008946318/,De IJzerprinses,"[""De IJzerprinses"", nil]","[""De IJzerprinses"", nil]","[""//s.s-bol.com/imgbase0/imagebase/thumb/FC/8/1/3/6/9200000008946318.jpg"", nil]",http://www.bol.com/nl/p/de-ijzerprinses/9200000008946318/,De IJzerprinses,"[""http://s.s-bol.com/imgbase0/imagebase/thumb/FC/8/1/3/6/9200000008946318.jpg"", ""http://s.s-bol.com/nl/static/images/main/tool_tip.gif""]"
/nl/p/zwijgplicht/9200000005930925/,Zwijgplicht,"[""Zwijgplicht"", nil]","[""Zwijgplicht"", nil]","[""//s.s-bol.com/imgbase0/imagebase/thumb/FC/5/2/9/0/9200000005930925.jpg"", nil]",http://www.bol.com/nl/p/zwijgplicht/9200000005930925/,Zwijgplicht,"[""http://s.s-bol.com/imgbase0/imagebase/thumb/FC/5/2/9/0/9200000005930925.jpg"", ""http://s.s-bol.com/nl/static/images/main/tool_tip.gif""]"
/nl/p/blind-date/9200000005804920/,Blind date,Blind date,Blind date,//s.s-bol.com/imgbase0/imagebase/thumb/FC/0/2/9/4/9200000005804920.jpg,http://www.bol.com/nl/p/blind-date/9200000005804920/,Blind date,http://s.s-bol.com/imgbase0/imagebase/thumb/FC/0/2/9/4/9200000005804920.jpg
/nl/p/weg-van-jou/9200000006380009/,Weg van jou,"[""Weg van jou"", nil]","[""Weg van jou"", nil]","[""//s.s-bol.com/imgbase0/imagebase/thumb/FC/9/0/0/0/9200000006380009.jpg"", nil]",http://www.bol.com/nl/p/weg-van-jou/9200000006380009/,Weg van jou,"[""http://s.s-bol.com/imgbase0/imagebase/thumb/FC/9/0/0/0/9200000006380009.jpg"", ""http://s.s-bol.com/nl/static/images/main/tool_tip.gif""]"
/nl/p/borre-en-moddermania/9200000009306922/,Borre en moddermania,"[""Borre en moddermania"", nil]","[""Borre en moddermania"", nil]","[""//s.s-bol.com/imgbase0/imagebase/thumb/FC/2/2/9/6/9200000009306922.jpg"", nil]",http://www.bol.com/nl/p/borre-en-moddermania/9200000009306922/,Borre en moddermania,"[""http://s.s-bol.com/imgbase0/imagebase/thumb/FC/2/2/9/6/9200000009306922.jpg"", ""http://s.s-bol.com/nl/static/images/main/tool_tip.gif""]"
/nl/p/slaaf-voor-een-seizoen/9200000007707872/,Slaaf voor een seizoen,"[""Slaaf voor een seizoen"", nil]","[""Slaaf voor een seizoen"", nil]","[""//s.s-bol.com/imgbase0/imagebase/thumb/FC/2/7/8/7/9200000007707872.jpg"", nil]",http://www.bol.com/nl/p/slaaf-voor-een-seizoen/9200000007707872/,Slaaf voor een seizoen,"[""http://s.s-bol.com/imgbase0/imagebase/thumb/FC/2/7/8/7/9200000007707872.jpg"", ""http://s.s-bol.com/nl/static/images/main/tool_tip.gif""]"
/nl/p/lover-of-loser/9200000005800499/,Lover of loser,Lover of loser,Lover of loser,//s.s-bol.com/imgbase0/imagebase/thumb/FC/9/9/4/0/9200000005800499.jpg,http://www.bol.com/nl/p/lover-of-loser/9200000005800499/,Lover of loser,http://s.s-bol.com/imgbase0/imagebase/thumb/FC/9/9/4/0/9200000005800499.jpg
/nl/p/inside-out/9200000006905637/,Inside out,"[""Inside out"", nil]","[""Inside out"", nil]","[""//s.s-bol.com/imgbase0/imagebase/thumb/FC/7/3/6/5/9200000006905637.jpg"", nil]",http://www.bol.com/nl/p/inside-out/9200000006905637/,Inside out,"[""http://s.s-bol.com/imgbase0/imagebase/thumb/FC/7/3/6/5/9200000006905637.jpg"", ""http://s.s-bol.com/nl/static/images/main/tool_tip.gif""]"
/nl/p/meiden-van-de-kook/9200000006746032/,Meiden van de kook,"[""Meiden van de kook"", nil]","[""Meiden van de kook"", nil]","[""//s.s-bol.com/imgbase0/imagebase/thumb/FC/2/3/0/6/9200000006746032.jpg"", nil]",http://www.bol.com/nl/p/meiden-van-de-kook/9200000006746032/,Meiden van de kook,"[""http://s.s-bol.com/imgbase0/imagebase/thumb/FC/2/3/0/6/9200000006746032.jpg"", ""http://s.s-bol.com/nl/static/images/main/tool_tip.gif""]"
/nl/p/geen-keus/9200000006899752/,Geen keus,"[""Geen keus"", nil]","[""Geen keus"", nil]","[""//s.s-bol.com/imgbase0/imagebase/thumb/FC/2/5/7/9/9200000006899752.jpg"", nil]",http://www.bol.com/nl/p/geen-keus/9200000006899752/,Geen keus,"[""http://s.s-bol.com/imgbase0/imagebase/thumb/FC/2/5/7/9/9200000006899752.jpg"", ""http://s.s-bol.com/nl/static/images/main/tool_tip.gif""]"
/nl/p/vertrouwen/9200000006546986/,Vertrouwen,Vertrouwen,Vertrouwen,//s.s-bol.com/imgbase0/imagebase/thumb/FC/6/8/9/6/9200000006546986.jpg,http://www.bol.com/nl/p/vertrouwen/9200000006546986/,Vertrouwen,http://s.s-bol.com/imgbase0/imagebase/thumb/FC/6/8/9/6/9200000006546986.jpg
/nl/p/perfectie/9200000006546988/,Perfectie,"[""Perfectie"", nil]","[""Perfectie"", nil]","[""//s.s-bol.com/imgbase0/imagebase/thumb/FC/8/8/9/6/9200000006546988.jpg"", nil]",http://www.bol.com/nl/p/perfectie/9200000006546988/,Perfectie,"[""http://s.s-bol.com/imgbase0/imagebase/thumb/FC/8/8/9/6/9200000006546988.jpg"", ""http://s.s-bol.com/nl/static/images/main/tool_tip.gif""]"
/nl/p/bastaard/9200000002315129/,Bastaard,Bastaard,Bastaard,//s.s-bol.com/imgbase0/imagebase/thumb/FC/9/2/1/5/9200000002315129.jpg,http://www.bol.com/nl/p/bastaard/9200000002315129/,Bastaard,http://s.s-bol.com/imgbase0/imagebase/thumb/FC/9/2/1/5/9200000002315129.jpg
/nl/p/gezicht-van-britt/9200000002308361/,Gezicht van Britt,Gezicht van Britt,Gezicht van Britt,//s.s-bol.com/imgbase0/imagebase/thumb/FC/1/6/3/8/9200000002308361.jpg,http://www.bol.com/nl/p/gezicht-van-britt/9200000002308361/,Gezicht van Britt,http://s.s-bol.com/imgbase0/imagebase/thumb/FC/1/6/3/8/9200000002308361.jpg
/nl/p/buitengesloten/9200000002271937/,Buitengesloten,"[""Buitengesloten"", nil]","[""Buitengesloten"", nil]","[""//s.s-bol.com/imgbase0/imagebase/thumb/FC/7/3/9/1/9200000002271937.jpg"", nil]",http://www.bol.com/nl/p/buitengesloten/9200000002271937/,Buitengesloten,"[""http://s.s-bol.com/imgbase0/imagebase/thumb/FC/7/3/9/1/9200000002271937.jpg"", ""http://s.s-bol.com/nl/static/images/main/tool_tip.gif""]"
/nl/p/angry-birds/9200000005800253/,Angry birds,"[""Angry birds"", nil]","[""Angry birds"", nil]","[""//s.s-bol.com/imgbase0/imagebase/thumb/FC/3/5/2/0/9200000005800253.jpg"", nil]",http://www.bol.com/nl/p/angry-birds/9200000005800253/,Angry birds,"[""http://s.s-bol.com/imgbase0/imagebase/thumb/FC/3/5/2/0/9200000005800253.jpg"", ""http://s.s-bol.com/nl/static/images/main/tool_tip.gif""]"
/nl/p/iris/9200000002308114/,Iris,"[""Iris"", nil]","[""Iris"", nil]","[""//s.s-bol.com/imgbase0/imagebase/thumb/FC/4/1/1/8/9200000002308114.jpg"", nil]",http://www.bol.com/nl/p/iris/9200000002308114/,Iris,"[""http://s.s-bol.com/imgbase0/imagebase/thumb/FC/4/1/1/8/9200000002308114.jpg"", ""http://s.s-bol.com/nl/static/images/main/tool_tip.gif""]"
/nl/p/trip/9200000002212416/,Trip,"[""Trip"", nil]","[""Trip"", nil]","[""//s.s-bol.com/imgbase0/imagebase/thumb/FC/6/1/4/2/9200000002212416.jpg"", nil]",http://www.bol.com/nl/p/trip/9200000002212416/,Trip,"[""http://s.s-bol.com/imgbase0/imagebase/thumb/FC/6/1/4/2/9200000002212416.jpg"", ""http://s.s-bol.com/nl/static/images/main/tool_tip.gif""]"
/nl/p/twee-parapluutjes-en-een-schijfje-citroen/9200000002230595/,Twee parapluutjes en een schijfje citroen,"[""Twee parapluutjes en een schijfje citroen"", nil]","[""Twee parapluutjes en een schijfje citroen"", nil]","[""//s.s-bol.com/imgbase0/imagebase/thumb/FC/5/9/5/0/9200000002230595.jpg"", nil]",http://www.bol.com/nl/p/twee-parapluutjes-en-een-schijfje-citroen/9200000002230595/,Twee parapluutjes en een schijfje citroen,"[""http://s.s-bol.com/imgbase0/imagebase/thumb/FC/5/9/5/0/9200000002230595.jpg"", ""http://s.s-bol.com/nl/static/images/main/tool_tip.gif""]"
/nl/p/verlaten/9200000002229887/,Verlaten,"[""Verlaten"", nil]","[""Verlaten"", nil]","[""//s.s-bol.com/imgbase0/imagebase/thumb/FC/7/8/8/9/9200000002229887.jpg"", nil]",http://www.bol.com/nl/p/verlaten/9200000002229887/,Verlaten,"[""http://s.s-bol.com/imgbase0/imagebase/thumb/FC/7/8/8/9/9200000002229887.jpg"", ""http://s.s-bol.com/nl/static/images/main/tool_tip.gif""]"
/nl/p/tara-vecht-terug/9200000002308226/,Tara vecht terug,Tara vecht terug,Tara vecht terug,//s.s-bol.com/imgbase0/imagebase/thumb/FC/6/2/2/8/9200000002308226.jpg,http://www.bol.com/nl/p/tara-vecht-terug/9200000002308226/,Tara vecht terug,http://s.s-bol.com/imgbase0/imagebase/thumb/FC/6/2/2/8/9200000002308226.jpg
/nl/p/het-genootschap-van-de-nacht/9200000002230649/,Het genootschap van de nacht,Het genootschap van de nacht,Het genootschap van de nacht,//s.s-bol.com/imgbase0/imagebase/thumb/FC/9/4/6/0/9200000002230649.jpg,http://www.bol.com/nl/p/het-genootschap-van-de-nacht/9200000002230649/,Het genootschap van de nacht,http://s.s-bol.com/imgbase0/imagebase/thumb/FC/9/4/6/0/9200000002230649.jpg
/nl/p/de-ijzerkoning/9200000005926051/,De ijzerkoning,"[""De ijzerkoning"", nil]","[""De ijzerkoning"", nil]","[""//s.s-bol.com/imgbase0/imagebase/thumb/FC/1/5/0/6/9200000005926051.jpg"", nil]",http://www.bol.com/nl/p/de-ijzerkoning/9200000005926051/,De ijzerkoning,"[""http://s.s-bol.com/imgbase0/imagebase/thumb/FC/1/5/0/6/9200000005926051.jpg"", ""http://s.s-bol.com/nl/static/images/main/tool_tip.gif""]"
/nl/p/ontvoerd/9200000002768267/,Ontvoerd,"[""Ontvoerd"", nil]","[""Ontvoerd"", nil]","[""//s.s-bol.com/imgbase0/imagebase/thumb/FC/7/6/2/8/9200000002768267.jpg"", nil]",http://www.bol.com/nl/p/ontvoerd/9200000002768267/,Ontvoerd,"[""http://s.s-bol.com/imgbase0/imagebase/thumb/FC/7/6/2/8/9200000002768267.jpg"", ""http://s.s-bol.com/nl/static/images/main/tool_tip.gif""]"
/nl/p/watermeisje/9200000002308394/,Watermeisje,"[""Watermeisje"", nil]","[""Watermeisje"", nil]","[""//s.s-bol.com/imgbase0/imagebase/thumb/FC/4/9/3/8/9200000002308394.jpg"", nil]",http://www.bol.com/nl/p/watermeisje/9200000002308394/,Watermeisje,"[""http://s.s-bol.com/imgbase0/imagebase/thumb/FC/4/9/3/8/9200000002308394.jpg"", ""http://s.s-bol.com/nl/static/images/main/tool_tip.gif""]"
/nl/p/eerwraak/9200000002768263/,Eerwraak,"[""Eerwraak"", nil]","[""Eerwraak"", nil]","[""//s.s-bol.com/imgbase0/imagebase/thumb/FC/3/6/2/8/9200000002768263.jpg"", nil]",http://www.bol.com/nl/p/eerwraak/9200000002768263/,Eerwraak,"[""http://s.s-bol.com/imgbase0/imagebase/thumb/FC/3/6/2/8/9200000002768263.jpg"", ""http://s.s-bol.com/nl/static/images/main/tool_tip.gif""]"
/nl/p/judas/9200000002768273/,Judas,"[""Judas"", nil]","[""Judas"", nil]","[""//s.s-bol.com/imgbase0/imagebase/thumb/FC/3/7/2/8/9200000002768273.jpg"", nil]",http://www.bol.com/nl/p/judas/9200000002768273/,Judas,"[""http://s.s-bol.com/imgbase0/imagebase/thumb/FC/3/7/2/8/9200000002768273.jpg"", ""http://s.s-bol.com/nl/static/images/main/tool_tip.gif""]"
/nl/p/chatroom/9200000002768285/,Chatroom,Chatroom,Chatroom,//s.s-bol.com/imgbase0/imagebase/thumb/FC/5/8/2/8/9200000002768285.jpg,http://www.bol.com/nl/p/chatroom/9200000002768285/,Chatroom,http://s.s-bol.com/imgbase0/imagebase/thumb/FC/5/8/2/8/9200000002768285.jpg
/nl/p/dodenrit/9200000002230545/,Dodenrit,"[""Dodenrit"", nil]","[""Dodenrit"", nil]","[""//s.s-bol.com/imgbase0/imagebase/thumb/FC/5/4/5/0/9200000002230545.jpg"", nil]",http://www.bol.com/nl/p/dodenrit/9200000002230545/,Dodenrit,"[""http://s.s-bol.com/imgbase0/imagebase/thumb/FC/5/4/5/0/9200000002230545.jpg"", ""http://s.s-bol.com/nl/static/images/main/tool_tip.gif""]"
/nl/p/borre-en-valkman/9200000005212343/,Borre en valkman,"[""Borre en valkman"", nil]","[""Borre en valkman"", nil]","[""//s.s-bol.com/imgbase0/imagebase/thumb/FC/3/4/3/2/9200000005212343.jpg"", nil]",http://www.bol.com/nl/p/borre-en-valkman/9200000005212343/,Borre en valkman,"[""http://s.s-bol.com/imgbase0/imagebase/thumb/FC/3/4/3/2/9200000005212343.jpg"", ""http://s.s-bol.com/nl/static/images/main/tool_tip.gif""]"
/nl/p/gebroken-glimlach/9200000002315115/,Gebroken Glimlach,Gebroken Glimlach,Gebroken Glimlach,//s.s-bol.com/imgbase0/imagebase/thumb/FC/5/1/1/5/9200000002315115.jpg,http://www.bol.com/nl/p/gebroken-glimlach/9200000002315115/,Gebroken Glimlach,http://s.s-bol.com/imgbase0/imagebase/thumb/FC/5/1/1/5/9200000002315115.jpg
/nl/p/legend-deel-1-legend/1001004011832481/,Legend deel 1 - Legend,"[""Legend deel 1 - Legend"", nil]","[""Legend deel 1 - Legend"", nil]","[""//s.s-bol.com/imgbase0/imagebase/thumb/FC/1/8/4/2/1001004011832481.jpg"", nil]",http://www.bol.com/nl/p/legend-deel-1-legend/1001004011832481/,Legend deel 1 - Legend,"[""http://s.s-bol.com/imgbase0/imagebase/thumb/FC/1/8/4/2/1001004011832481.jpg"", ""http://s.s-bol.com/nl/static/images/main/tool_tip.gif""]"
/nl/p/noach-en-zijn-ark/9200000001045981/,Noach en zijn ark,"[""Noach en zijn ark"", nil]","[""Noach en zijn ark"", nil]","[""//s.s-bol.com/imgbase0/imagebase/thumb/FC/1/8/9/5/9200000001045981.jpg"", nil]",http://www.bol.com/nl/p/noach-en-zijn-ark/9200000001045981/,Noach en zijn ark,"[""http://s.s-bol.com/imgbase0/imagebase/thumb/FC/1/8/9/5/9200000001045981.jpg"", ""http://s.s-bol.com/nl/static/images/main/tool_tip.gif""]"
/nl/p/de-vallei-3-de-storm/1001004011825710/,De vallei / 3 De storm,"[""De vallei / 3 De storm"", nil]","[""De vallei / 3 De storm"", nil]","[""//s.s-bol.com/imgbase0/imagebase/thumb/FC/0/1/7/5/1001004011825710.jpg"", nil]",http://www.bol.com/nl/p/de-vallei-3-de-storm/1001004011825710/,De vallei / 3 De storm,"[""http://s.s-bol.com/imgbase0/imagebase/thumb/FC/0/1/7/5/1001004011825710.jpg"", ""http://s.s-bol.com/nl/static/images/main/tool_tip.gif""]"
/nl/p/wij-gaan-hele-goede-vrienden-worden/9200000000037491/,Wij gaan hele goede vrienden worden,"[""Wij gaan hele goede vrienden worden"", nil]","[""Wij gaan hele goede vrienden worden"", nil]","[""//s.s-bol.com/imgbase0/imagebase/thumb/FC/1/9/4/7/9200000000037491.jpg"", nil]",http://www.bol.com/nl/p/wij-gaan-hele-goede-vrienden-worden/9200000000037491/,Wij gaan hele goede vrienden worden,"[""http://s.s-bol.com/imgbase0/imagebase/thumb/FC/1/9/4/7/9200000000037491.jpg"", ""http://s.s-bol.com/nl/static/images/main/tool_tip.gif""]"
/nl/p/l-a-candy/9200000001312985/,L.A. Candy,"[""L.A. Candy"", nil]","[""L.A. Candy"", nil]","[""//s.s-bol.com/imgbase0/imagebase/thumb/FC/5/8/9/2/9200000001312985.jpg"", nil]",http://www.bol.com/nl/p/l-a-candy/9200000001312985/,L.A. Candy,"[""http://s.s-bol.com/imgbase0/imagebase/thumb/FC/5/8/9/2/9200000001312985.jpg"", ""http://s.s-bol.com/nl/static/images/main/tool_tip.gif""]"
/nl/p/verloren-tijd/1001004011851735/,Verloren tijd,Verloren tijd,Verloren tijd,//s.s-bol.com/imgbase0/imagebase/thumb/FC/5/3/7/1/1001004011851735.jpg,http://www.bol.com/nl/p/verloren-tijd/1001004011851735/,Verloren tijd,http://s.s-bol.com/imgbase0/imagebase/thumb/FC/5/3/7/1/1001004011851735.jpg
/nl/p/fc-de-kampioenen/1001004011830124/,FC De Kampioenen,"[""FC De Kampioenen"", nil]","[""FC De Kampioenen"", nil]","[""//s.s-bol.com/imgbase0/imagebase/thumb/FC/4/2/1/0/1001004011830124.jpg"", nil]",http://www.bol.com/nl/p/fc-de-kampioenen/1001004011830124/,FC De Kampioenen,"[""http://s.s-bol.com/imgbase0/imagebase/thumb/FC/4/2/1/0/1001004011830124.jpg"", ""http://s.s-bol.com/nl/static/images/main/tool_tip.gif""]"
/nl/p/niet-zonder-liefde/1001004011856001/,Niet zonder liefde,"[""Niet zonder liefde"", nil]","[""Niet zonder liefde"", nil]","[""//s.s-bol.com/imgbase0/imagebase/thumb/FC/1/0/0/6/1001004011856001.jpg"", nil]",http://www.bol.com/nl/p/niet-zonder-liefde/1001004011856001/,Niet zonder liefde,"[""http://s.s-bol.com/imgbase0/imagebase/thumb/FC/1/0/0/6/1001004011856001.jpg"", ""http://s.s-bol.com/nl/static/images/main/tool_tip.gif""]"
/nl/p/onsterfelijk/9200000019697363/,Onsterfelijk,"[""Onsterfelijk"", nil]","[""Onsterfelijk"", nil]","[""//s.s-bol.com/imgbase0/imagebase/thumb/FC/3/6/3/7/9200000019697363.jpg"", nil]",http://www.bol.com/nl/p/onsterfelijk/9200000019697363/,Onsterfelijk,"[""http://s.s-bol.com/imgbase0/imagebase/thumb/FC/3/6/3/7/9200000019697363.jpg"", ""http://s.s-bol.com/nl/static/images/main/tool_tip.gif""]"
/nl/p/paper-towns/9200000015494065/,Paper towns,Paper towns,Paper towns,//s.s-bol.com/imgbase0/imagebase/thumb/FC/5/6/0/4/9200000015494065.jpg,http://www.bol.com/nl/p/paper-towns/9200000015494065/,Paper towns,http://s.s-bol.com/imgbase0/imagebase/thumb/FC/5/6/0/4/9200000015494065.jpg
/nl/p/geld/9200000020987392/,Geld,"[""Geld"", nil]","[""Geld"", nil]","[""//s.s-bol.com/imgbase0/imagebase/thumb/FC/2/9/3/7/9200000020987392.jpg"", nil]",http://www.bol.com/nl/p/geld/9200000020987392/,Geld,"[""http://s.s-bol.com/imgbase0/imagebase/thumb/FC/2/9/3/7/9200000020987392.jpg"", ""http://s.s-bol.com/nl/static/images/main/tool_tip.gif""]"
/nl/p/warrior-cats-4-voor-de-storm/9200000020992732/,Warrior Cats / 4 Voor de storm,"[""Warrior Cats / 4 Voor de storm"", nil]","[""Warrior Cats / 4 Voor de storm"", nil]","[""//s.s-bol.com/imgbase0/imagebase/thumb/FC/2/3/7/2/9200000020992732.jpg"", nil]",http://www.bol.com/nl/p/warrior-cats-4-voor-de-storm/9200000020992732/,Warrior Cats / 4 Voor de storm,"[""http://s.s-bol.com/imgbase0/imagebase/thumb/FC/2/3/7/2/9200000020992732.jpg"", ""http://s.s-bol.com/nl/static/images/main/tool_tip.gif""]"
/nl/p/mijn-valentijn/9200000016131439/,Mijn valentijn,Mijn valentijn,Mijn valentijn,//s.s-bol.com/imgbase0/imagebase/thumb/FC/9/3/4/1/9200000016131439.jpg,http://www.bol.com/nl/p/mijn-valentijn/9200000016131439/,Mijn valentijn,http://s.s-bol.com/imgbase0/imagebase/thumb/FC/9/3/4/1/9200000016131439.jpg
/nl/p/nachtschade/1001004011579502/,Nachtschade,"[""Nachtschade"", nil]","[""Nachtschade"", nil]","[""//s.s-bol.com/imgbase0/imagebase/thumb/FC/2/0/5/9/1001004011579502.jpg"", nil]",http://www.bol.com/nl/p/nachtschade/1001004011579502/,Nachtschade,"[""http://s.s-bol.com/imgbase0/imagebase/thumb/FC/2/0/5/9/1001004011579502.jpg"", ""http://s.s-bol.com/nl/static/images/main/tool_tip.gif""]"
/nl/p/zwart-wit/9200000012819775/,Zwart-wit,"[""Zwart-wit"", nil]","[""Zwart-wit"", nil]","[""//s.s-bol.com/imgbase0/imagebase/thumb/FC/5/7/7/9/9200000012819775.jpg"", nil]",http://www.bol.com/nl/p/zwart-wit/9200000012819775/,Zwart-wit,"[""http://s.s-bol.com/imgbase0/imagebase/thumb/FC/5/7/7/9/9200000012819775.jpg"", ""http://s.s-bol.com/nl/static/images/main/tool_tip.gif""]"
/nl/p/vriendschap-op-het-menu/9200000016778925/,Vriendschap op het menu,"[""Vriendschap op het menu"", nil]","[""Vriendschap op het menu"", nil]","[""//s.s-bol.com/imgbase0/imagebase/thumb/FC/5/2/9/8/9200000016778925.jpg"", nil]",http://www.bol.com/nl/p/vriendschap-op-het-menu/9200000016778925/,Vriendschap op het menu,"[""http://s.s-bol.com/imgbase0/imagebase/thumb/FC/5/2/9/8/9200000016778925.jpg"", ""http://s.s-bol.com/nl/static/images/main/tool_tip.gif""]"
/nl/p/de-ijzerprins-deel-4-the-iron-fey/9200000018277192/,De IJzerprins / deel 4 the iron fey,"[""De IJzerprins / deel 4 the iron fey"", nil]","[""De IJzerprins / deel 4 the iron fey"", nil]","[""//s.s-bol.com/imgbase0/imagebase/thumb/FC/2/9/1/7/9200000018277192.jpg"", nil]",http://www.bol.com/nl/p/de-ijzerprins-deel-4-the-iron-fey/9200000018277192/,De IJzerprins / deel 4 the iron fey,"[""http://s.s-bol.com/imgbase0/imagebase/thumb/FC/2/9/1/7/9200000018277192.jpg"", ""http://s.s-bol.com/nl/static/images/main/tool_tip.gif""]"
/nl/p/de-olijke-tweeling-in-de-brugklas/9200000010149948/,De Olijke Tweeling in de brugklas,"[""De Olijke Tweeling in de brugklas"", nil]","[""De Olijke Tweeling in de brugklas"", nil]","[""//s.s-bol.com/imgbase0/imagebase/thumb/FC/8/4/9/9/9200000010149948.jpg"", nil]",http://www.bol.com/nl/p/de-olijke-tweeling-in-de-brugklas/9200000010149948/,De Olijke Tweeling in de brugklas,"[""http://s.s-bol.com/imgbase0/imagebase/thumb/FC/8/4/9/9/9200000010149948.jpg"", ""http://s.s-bol.com/nl/static/images/main/tool_tip.gif""]"
/nl/p/inger/9200000016778976/,Inger,"[""Inger"", nil]","[""Inger"", nil]","[""//s.s-bol.com/imgbase0/imagebase/thumb/FC/6/7/9/8/9200000016778976.jpg"", nil]",http://www.bol.com/nl/p/inger/9200000016778976/,Inger,"[""http://s.s-bol.com/imgbase0/imagebase/thumb/FC/6/7/9/8/9200000016778976.jpg"", ""http://s.s-bol.com/nl/static/images/main/tool_tip.gif""]"
/nl/p/love-you-mam/9200000017132960/,"Love you, mam","[""Love you, mam"", nil]","[""Love you, mam"", nil]","[""//s.s-bol.com/imgbase0/imagebase/thumb/FC/0/6/9/2/9200000017132960.jpg"", nil]",http://www.bol.com/nl/p/love-you-mam/9200000017132960/,"Love you, mam","[""http://s.s-bol.com/imgbase0/imagebase/thumb/FC/0/6/9/2/9200000017132960.jpg"", ""http://s.s-bol.com/nl/static/images/main/tool_tip.gif""]"
/nl/p/masak-masak-bersama-ron/9200000019407845/,Masak Masak Bersama Ron,"[""Masak Masak Bersama Ron"", nil]","[""Masak Masak Bersama Ron"", nil]","[""//s.s-bol.com/imgbase0/imagebase/thumb/FC/5/4/8/7/9200000019407845.jpg"", nil]",http://www.bol.com/nl/p/masak-masak-bersama-ron/9200000019407845/,Masak Masak Bersama Ron,"[""http://s.s-bol.com/imgbase0/imagebase/thumb/FC/5/4/8/7/9200000019407845.jpg"", ""http://s.s-bol.com/nl/static/images/main/tool_tip.gif""]"
/nl/p/borre-en-de-spelfout-van-deetee/9200000014377008/,Borre en de spelfout van deetee,"[""Borre en de spelfout van deetee"", nil]","[""Borre en de spelfout van deetee"", nil]","[""//s.s-bol.com/imgbase0/imagebase/thumb/FC/8/0/0/7/9200000014377008.jpg"", nil]",http://www.bol.com/nl/p/borre-en-de-spelfout-van-deetee/9200000014377008/,Borre en de spelfout van deetee,"[""http://s.s-bol.com/imgbase0/imagebase/thumb/FC/8/0/0/7/9200000014377008.jpg"", ""http://s.s-bol.com/nl/static/images/main/tool_tip.gif""]"
/nl/p/ga-voor-mij-naar-china/9200000017438353/,Ga voor Mij naar china,"[""Ga voor Mij naar china"", nil]","[""Ga voor Mij naar china"", nil]","[""//s.s-bol.com/imgbase0/imagebase/thumb/FC/3/5/3/8/9200000017438353.jpg"", nil]",http://www.bol.com/nl/p/ga-voor-mij-naar-china/9200000017438353/,Ga voor Mij naar china,"[""http://s.s-bol.com/imgbase0/imagebase/thumb/FC/3/5/3/8/9200000017438353.jpg"", ""http://s.s-bol.com/nl/static/images/main/tool_tip.gif""]"
/nl/p/borre-en-miss-kikkervis/9200000009230194/,Borre en miss kikkervis,"[""Borre en miss kikkervis"", nil]","[""Borre en miss kikkervis"", nil]","[""//s.s-bol.com/imgbase0/imagebase/thumb/FC/4/9/1/0/9200000009230194.jpg"", nil]",http://www.bol.com/nl/p/borre-en-miss-kikkervis/9200000009230194/,Borre en miss kikkervis,"[""http://s.s-bol.com/imgbase0/imagebase/thumb/FC/4/9/1/0/9200000009230194.jpg"", ""http://s.s-bol.com/nl/static/images/main/tool_tip.gif""]"
/nl/p/borre-en-het-bittertje-van-bladdergal/9200000014377012/,Borre en het bittertje van bladdergal,"[""Borre en het bittertje van bladdergal"", nil]","[""Borre en het bittertje van bladdergal"", nil]","[""//s.s-bol.com/imgbase0/imagebase/thumb/FC/2/1/0/7/9200000014377012.jpg"", nil]",http://www.bol.com/nl/p/borre-en-het-bittertje-van-bladdergal/9200000014377012/,Borre en het bittertje van bladdergal,"[""http://s.s-bol.com/imgbase0/imagebase/thumb/FC/2/1/0/7/9200000014377012.jpg"", ""http://s.s-bol.com/nl/static/images/main/tool_tip.gif""]"
/nl/p/warrior-cats-de-wildernis-in/9200000000037332/,Warrior Cats / De wildernis in,"[""Warrior Cats / De wildernis in"", nil]","[""Warrior Cats / De wildernis in"", nil]","[""//s.s-bol.com/imgbase0/imagebase/thumb/FC/2/3/3/7/9200000000037332.jpg"", nil]",http://www.bol.com/nl/p/warrior-cats-de-wildernis-in/9200000000037332/,Warrior Cats / De wildernis in,"[""http://s.s-bol.com/imgbase0/imagebase/thumb/FC/2/3/3/7/9200000000037332.jpg"", ""http://s.s-bol.com/nl/static/images/main/tool_tip.gif""]"
/nl/p/warrior-cats-3-geheimen/9200000012047446/,Warrior Cats / 3 Geheimen,"[""Warrior Cats / 3 Geheimen"", nil]","[""Warrior Cats / 3 Geheimen"", nil]","[""//s.s-bol.com/imgbase0/imagebase/thumb/FC/6/4/4/7/9200000012047446.jpg"", nil]",http://www.bol.com/nl/p/warrior-cats-3-geheimen/9200000012047446/,Warrior Cats / 3 Geheimen,"[""http://s.s-bol.com/imgbase0/imagebase/thumb/FC/6/4/4/7/9200000012047446.jpg"", ""http://s.s-bol.com/nl/static/images/main/tool_tip.gif""]"
/nl/p/moord/9200000011243873/,Moord,"[""Moord"", nil]","[""Moord"", nil]","[""//s.s-bol.com/imgbase0/imagebase/thumb/FC/3/7/8/3/9200000011243873.jpg"", nil]",http://www.bol.com/nl/p/moord/9200000011243873/,Moord,"[""http://s.s-bol.com/imgbase0/imagebase/thumb/FC/3/7/8/3/9200000011243873.jpg"", ""http://s.s-bol.com/nl/static/images/main/tool_tip.gif""]"
/nl/p/pretty-little-liars-5-bedrog/9200000011243802/,Pretty Little Liars 5 - Bedrog,"[""Pretty Little Liars 5 - Bedrog"", nil]","[""Pretty Little Liars 5 - Bedrog"", nil]","[""//s.s-bol.com/imgbase0/imagebase/thumb/FC/2/0/8/3/9200000011243802.jpg"", nil]",http://www.bol.com/nl/p/pretty-little-liars-5-bedrog/9200000011243802/,Pretty Little Liars 5 - Bedrog,"[""http://s.s-bol.com/imgbase0/imagebase/thumb/FC/2/0/8/3/9200000011243802.jpg"", ""http://s.s-bol.com/nl/static/images/main/tool_tip.gif""]"
/nl/p/outside-in/9200000014391502/,Outside in,"[""Outside in"", nil]","[""Outside in"", nil]","[""//s.s-bol.com/imgbase0/imagebase/thumb/FC/2/0/5/1/9200000014391502.jpg"", nil]",http://www.bol.com/nl/p/outside-in/9200000014391502/,Outside in,"[""http://s.s-bol.com/imgbase0/imagebase/thumb/FC/2/0/5/1/9200000014391502.jpg"", ""http://s.s-bol.com/nl/static/images/main/tool_tip.gif""]"
/nl/p/de-laatste-wachter-1-sevenster/9200000015345211/,De laatste Wachter / 1 Sevenster,"[""De laatste Wachter / 1 Sevenster"", nil]","[""De laatste Wachter / 1 Sevenster"", nil]","[""//s.s-bol.com/imgbase0/imagebase/thumb/FC/1/1/2/5/9200000015345211.jpg"", nil]",http://www.bol.com/nl/p/de-laatste-wachter-1-sevenster/9200000015345211/,De laatste Wachter / 1 Sevenster,"[""http://s.s-bol.com/imgbase0/imagebase/thumb/FC/1/1/2/5/9200000015345211.jpg"", ""http://s.s-bol.com/nl/static/images/main/tool_tip.gif""]"
/nl/p/het-comavirus/9200000011366865/,Het comavirus,"[""Het comavirus"", nil]","[""Het comavirus"", nil]","[""//s.s-bol.com/imgbase0/imagebase/thumb/FC/5/6/8/6/9200000011366865.jpg"", nil]",http://www.bol.com/nl/p/het-comavirus/9200000011366865/,Het comavirus,"[""http://s.s-bol.com/imgbase0/imagebase/thumb/FC/5/6/8/6/9200000011366865.jpg"", ""http://s.s-bol.com/nl/static/images/main/tool_tip.gif""]"
/nl/p/de-bende-van-de-zwarte-kaproenen/9200000012819745/,De bende van de zwarte kaproenen,"[""De bende van de zwarte kaproenen"", nil]","[""De bende van de zwarte kaproenen"", nil]","[""//s.s-bol.com/imgbase0/imagebase/thumb/FC/5/4/7/9/9200000012819745.jpg"", nil]",http://www.bol.com/nl/p/de-bende-van-de-zwarte-kaproenen/9200000012819745/,De bende van de zwarte kaproenen,"[""http://s.s-bol.com/imgbase0/imagebase/thumb/FC/5/4/7/9/9200000012819745.jpg"", ""http://s.s-bol.com/nl/static/images/main/tool_tip.gif""]"
/nl/p/leuke-knutsels-met-eierdozen/9200000011806867/,Leuke knutsels met eierdozen,"[""Leuke knutsels met eierdozen"", nil]","[""Leuke knutsels met eierdozen"", nil]","[""//s.s-bol.com/imgbase0/imagebase/thumb/FC/7/6/8/6/9200000011806867.jpg"", nil]",http://www.bol.com/nl/p/leuke-knutsels-met-eierdozen/9200000011806867/,Leuke knutsels met eierdozen,"[""http://s.s-bol.com/imgbase0/imagebase/thumb/FC/7/6/8/6/9200000011806867.jpg"", ""http://s.s-bol.com/nl/static/images/main/tool_tip.gif""]"
/nl/p/finale/9200000009985365/,Finale,Finale,Finale,//s.s-bol.com/imgbase0/imagebase/thumb/FC/5/6/3/5/9200000009985365.jpg,http://www.bol.com/nl/p/finale/9200000009985365/,Finale,http://s.s-bol.com/imgbase0/imagebase/thumb/FC/5/6/3/5/9200000009985365.jpg
/nl/p/schattige-diertjes-vouwen/9200000011806889/,Schattige diertjes vouwen,"[""Schattige diertjes vouwen"", nil]","[""Schattige diertjes vouwen"", nil]","[""//s.s-bol.com/imgbase0/imagebase/thumb/FC/9/8/8/6/9200000011806889.jpg"", nil]",http://www.bol.com/nl/p/schattige-diertjes-vouwen/9200000011806889/,Schattige diertjes vouwen,"[""http://s.s-bol.com/imgbase0/imagebase/thumb/FC/9/8/8/6/9200000011806889.jpg"", ""http://s.s-bol.com/nl/static/images/main/tool_tip.gif""]"
/nl/p/at-summer-s-end/9200000012141722/,At summer's end,"[""At summer's end"", nil]","[""At summer's end"", nil]","[""//s.s-bol.com/imgbase0/imagebase/thumb/FC/2/2/7/1/9200000012141722.jpg"", nil]",http://www.bol.com/nl/p/at-summer-s-end/9200000012141722/,At summer's end,"[""http://s.s-bol.com/imgbase0/imagebase/thumb/FC/2/2/7/1/9200000012141722.jpg"", ""http://s.s-bol.com/nl/static/images/main/tool_tip.gif""]"
/nl/p/leuke-knutsels-met-brooddeeg/9200000011806987/,Leuke knutsels met brooddeeg,"[""Leuke knutsels met brooddeeg"", nil]","[""Leuke knutsels met brooddeeg"", nil]","[""//s.s-bol.com/imgbase0/imagebase/thumb/FC/7/8/9/6/9200000011806987.jpg"", nil]",http://www.bol.com/nl/p/leuke-knutsels-met-brooddeeg/9200000011806987/,Leuke knutsels met brooddeeg,"[""http://s.s-bol.com/imgbase0/imagebase/thumb/FC/7/8/9/6/9200000011806987.jpg"", ""http://s.s-bol.com/nl/static/images/main/tool_tip.gif""]"
/nl/p/leuke-knutsels-met-pompons/9200000011806855/,Leuke knutsels met pompons,"[""Leuke knutsels met pompons"", nil]","[""Leuke knutsels met pompons"", nil]","[""//s.s-bol.com/imgbase0/imagebase/thumb/FC/5/5/8/6/9200000011806855.jpg"", nil]",http://www.bol.com/nl/p/leuke-knutsels-met-pompons/9200000011806855/,Leuke knutsels met pompons,"[""http://s.s-bol.com/imgbase0/imagebase/thumb/FC/5/5/8/6/9200000011806855.jpg"", ""http://s.s-bol.com/nl/static/images/main/tool_tip.gif""]"
/nl/p/leuke-knutsels-met-papier-mache/9200000011806875/,Leuke knutsels met papier-mache,"[""Leuke knutsels met papier-mache"", nil]","[""Leuke knutsels met papier-mache"", nil]","[""//s.s-bol.com/imgbase0/imagebase/thumb/FC/5/7/8/6/9200000011806875.jpg"", nil]",http://www.bol.com/nl/p/leuke-knutsels-met-papier-mache/9200000011806875/,Leuke knutsels met papier-mache,"[""http://s.s-bol.com/imgbase0/imagebase/thumb/FC/5/7/8/6/9200000011806875.jpg"", ""http://s.s-bol.com/nl/static/images/main/tool_tip.gif""]"
/nl/p/leuke-knutsels-met-fimo/9200000011807006/,Leuke knutsels met Fimo,"[""Leuke knutsels met Fimo"", nil]","[""Leuke knutsels met Fimo"", nil]","[""//s.s-bol.com/imgbase0/imagebase/thumb/FC/6/0/0/7/9200000011807006.jpg"", nil]",http://www.bol.com/nl/p/leuke-knutsels-met-fimo/9200000011807006/,Leuke knutsels met Fimo,"[""http://s.s-bol.com/imgbase0/imagebase/thumb/FC/6/0/0/7/9200000011807006.jpg"", ""http://s.s-bol.com/nl/static/images/main/tool_tip.gif""]"
/nl/p/vriendschapsbandjes-maken/9200000011806902/,Vriendschapsbandjes maken,"[""Vriendschapsbandjes maken"", nil]","[""Vriendschapsbandjes maken"", nil]","[""//s.s-bol.com/imgbase0/imagebase/thumb/FC/2/0/9/6/9200000011806902.jpg"", nil]",http://www.bol.com/nl/p/vriendschapsbandjes-maken/9200000011806902/,Vriendschapsbandjes maken,"[""http://s.s-bol.com/imgbase0/imagebase/thumb/FC/2/0/9/6/9200000011806902.jpg"", ""http://s.s-bol.com/nl/static/images/main/tool_tip.gif""]"
/nl/p/aandachtscontrole/9200000011551949/,Aandachtscontrole,"[""Aandachtscontrole"", nil]","[""Aandachtscontrole"", nil]","[""//s.s-bol.com/imgbase0/imagebase/thumb/FC/9/4/9/1/9200000011551949.jpg"", nil]",http://www.bol.com/nl/p/aandachtscontrole/9200000011551949/,Aandachtscontrole,"[""http://s.s-bol.com/imgbase0/imagebase/thumb/FC/9/4/9/1/9200000011551949.jpg"", ""http://s.s-bol.com/nl/static/images/main/tool_tip.gif""]"
/nl/p/de-vallei/9200000009921522/,De vallei,"[""De vallei"", nil]","[""De vallei"", nil]","[""//s.s-bol.com/imgbase0/imagebase/thumb/FC/2/2/5/1/9200000009921522.jpg"", nil]",http://www.bol.com/nl/p/de-vallei/9200000009921522/,De vallei,"[""http://s.s-bol.com/imgbase0/imagebase/thumb/FC/2/2/5/1/9200000009921522.jpg"", ""http://s.s-bol.com/nl/static/images/main/tool_tip.gif""]"
/nl/p/spion-van-het-vaticaan/9200000009985367/,Spion van het vaticaan,"[""Spion van het vaticaan"", nil]","[""Spion van het vaticaan"", nil]","[""//s.s-bol.com/imgbase0/imagebase/thumb/FC/7/6/3/5/9200000009985367.jpg"", nil]",http://www.bol.com/nl/p/spion-van-het-vaticaan/9200000009985367/,Spion van het vaticaan,"[""http://s.s-bol.com/imgbase0/imagebase/thumb/FC/7/6/3/5/9200000009985367.jpg"", ""http://s.s-bol.com/nl/static/images/main/tool_tip.gif""]"
/nl/p/l-a-candy-trilogie-3-sugar-and-spice/9200000011708187/,L.A. Candy-trilogie / 3 Sugar and Spice,"[""L.A. Candy-trilogie / 3 Sugar and Spice"", nil]","[""L.A. Candy-trilogie / 3 Sugar and Spice"", nil]","[""//s.s-bol.com/imgbase0/imagebase/thumb/FC/7/8/1/8/9200000011708187.jpg"", nil]",http://www.bol.com/nl/p/l-a-candy-trilogie-3-sugar-and-spice/9200000011708187/,L.A. Candy-trilogie / 3 Sugar and Spice,"[""http://s.s-bol.com/imgbase0/imagebase/thumb/FC/7/8/1/8/9200000011708187.jpg"", ""http://s.s-bol.com/nl/static/images/main/tool_tip.gif""]"
/nl/p/afblijven/9200000009921538/,Afblijven,"[""Afblijven"", nil]","[""Afblijven"", nil]","[""//s.s-bol.com/imgbase0/imagebase/thumb/FC/8/3/5/1/9200000009921538.jpg"", nil]",http://www.bol.com/nl/p/afblijven/9200000009921538/,Afblijven,"[""http://s.s-bol.com/imgbase0/imagebase/thumb/FC/8/3/5/1/9200000009921538.jpg"", ""http://s.s-bol.com/nl/static/images/main/tool_tip.gif""]"
/nl/p/spijt/9200000009921588/,Spijt !,Spijt !,Spijt !,//s.s-bol.com/imgbase0/imagebase/thumb/FC/8/8/5/1/9200000009921588.jpg,http://www.bol.com/nl/p/spijt/9200000009921588/,Spijt !,http://s.s-bol.com/imgbase0/imagebase/thumb/FC/8/8/5/1/9200000009921588.jpg
/nl/p/afblijven/9200000009921496/,Afblijven,"[""Afblijven"", nil]","[""Afblijven"", nil]","[""//s.s-bol.com/imgbase0/imagebase/thumb/FC/6/9/4/1/9200000009921496.jpg"", nil]",http://www.bol.com/nl/p/afblijven/9200000009921496/,Afblijven,"[""http://s.s-bol.com/imgbase0/imagebase/thumb/FC/6/9/4/1/9200000009921496.jpg"", ""http://s.s-bol.com/nl/static/images/main/tool_tip.gif""]"
/nl/p/de-laatste-wachter-2-sevenster/9200000010047110/,De laatste wachter / 2. Sevenster,"[""De laatste wachter / 2. Sevenster"", nil]","[""De laatste wachter / 2. Sevenster"", nil]","[""//s.s-bol.com/imgbase0/imagebase/thumb/FC/0/1/1/7/9200000010047110.jpg"", nil]",http://www.bol.com/nl/p/de-laatste-wachter-2-sevenster/9200000010047110/,De laatste wachter / 2. Sevenster,"[""http://s.s-bol.com/imgbase0/imagebase/thumb/FC/0/1/1/7/9200000010047110.jpg"", ""http://s.s-bol.com/nl/static/images/main/tool_tip.gif""]"
/nl/p/zo-doe-je-dat-crafts/9200000009942770/,Zo doe je dat - Crafts,"[""Zo doe je dat - Crafts"", nil]","[""Zo doe je dat - Crafts"", nil]","[""//s.s-bol.com/imgbase0/imagebase/thumb/FC/0/7/7/2/9200000009942770.jpg"", nil]",http://www.bol.com/nl/p/zo-doe-je-dat-crafts/9200000009942770/,Zo doe je dat - Crafts,"[""http://s.s-bol.com/imgbase0/imagebase/thumb/FC/0/7/7/2/9200000009942770.jpg"", ""http://s.s-bol.com/nl/static/images/main/tool_tip.gif""]"
/nl/p/zo-doe-je-dat-science/9200000009855990/,Zo doe je dat - Science,"[""Zo doe je dat - Science"", nil]","[""Zo doe je dat - Science"", nil]","[""//s.s-bol.com/imgbase0/imagebase/thumb/FC/0/9/9/5/9200000009855990.jpg"", nil]",http://www.bol.com/nl/p/zo-doe-je-dat-science/9200000009855990/,Zo doe je dat - Science,"[""http://s.s-bol.com/imgbase0/imagebase/thumb/FC/0/9/9/5/9200000009855990.jpg"", ""http://s.s-bol.com/nl/static/images/main/tool_tip.gif""]"
/nl/p/zo-doe-je-dat-trucs/9200000009855984/,Zo doe je dat - Trucs,"[""Zo doe je dat - Trucs"", nil]","[""Zo doe je dat - Trucs"", nil]","[""//s.s-bol.com/imgbase0/imagebase/thumb/FC/4/8/9/5/9200000009855984.jpg"", nil]",http://www.bol.com/nl/p/zo-doe-je-dat-trucs/9200000009855984/,Zo doe je dat - Trucs,"[""http://s.s-bol.com/imgbase0/imagebase/thumb/FC/4/8/9/5/9200000009855984.jpg"", ""http://s.s-bol.com/nl/static/images/main/tool_tip.gif""]"
/nl/p/waarheid/9200000009985198/,Waarheid,Waarheid,Waarheid,//s.s-bol.com/imgbase0/imagebase/thumb/FC/8/9/1/5/9200000009985198.jpg,http://www.bol.com/nl/p/waarheid/9200000009985198/,Waarheid,http://s.s-bol.com/imgbase0/imagebase/thumb/FC/8/9/1/5/9200000009985198.jpg
/nl/p/verwoest-me/9200000009896561/,Verwoest me,"[""Verwoest me"", nil]","[""Verwoest me"", nil]","[""//s.s-bol.com/imgbase0/imagebase/thumb/FC/1/6/5/6/9200000009896561.jpg"", nil]",http://www.bol.com/nl/p/verwoest-me/9200000009896561/,Verwoest me,"[""http://s.s-bol.com/imgbase0/imagebase/thumb/FC/1/6/5/6/9200000009896561.jpg"", ""http://s.s-bol.com/nl/static/images/main/tool_tip.gif""]"
/nl/p/borre-en-ernst-serious/9200000010072369/,Borre en Ernst Serious,"[""Borre en Ernst Serious"", nil]","[""Borre en Ernst Serious"", nil]","[""//s.s-bol.com/imgbase0/imagebase/thumb/FC/9/6/3/2/9200000010072369.jpg"", nil]",http://www.bol.com/nl/p/borre-en-ernst-serious/9200000010072369/,Borre en Ernst Serious,"[""http://s.s-bol.com/imgbase0/imagebase/thumb/FC/9/6/3/2/9200000010072369.jpg"", ""http://s.s-bol.com/nl/static/images/main/tool_tip.gif""]"
/nl/p/au-pair/1001004011542574/,Au Pair,Au Pair,Au Pair,//s.s-bol.com/imgbase0/imagebase/thumb/FC/4/7/5/2/1001004011542574.jpg,http://www.bol.com/nl/p/au-pair/1001004011542574/,Au Pair,http://s.s-bol.com/imgbase0/imagebase/thumb/FC/4/7/5/2/1001004011542574.jpg
/nl/p/de-weg-naar-suckersville/1001004008492795/,De weg naar Suckersville,De weg naar Suckersville,De weg naar Suckersville,//s.s-bol.com/imgbase0/imagebase/thumb/FC/5/9/7/2/1001004008492795.jpg,http://www.bol.com/nl/p/de-weg-naar-suckersville/1001004008492795/,De weg naar Suckersville,http://s.s-bol.com/imgbase0/imagebase/thumb/FC/5/9/7/2/1001004008492795.jpg
/nl/p/de-macht-van-de-liefde/1001004011542770/,De Macht Van De Liefde,"[""De Macht Van De Liefde"", nil]","[""De Macht Van De Liefde"", nil]","[""//s.s-bol.com/imgbase0/imagebase/thumb/FC/0/7/7/2/1001004011542770.jpg"", nil]",http://www.bol.com/nl/p/de-macht-van-de-liefde/1001004011542770/,De Macht Van De Liefde,"[""http://s.s-bol.com/imgbase0/imagebase/thumb/FC/0/7/7/2/1001004011542770.jpg"", ""http://s.s-bol.com/nl/static/images/main/tool_tip.gif""]"
/nl/p/nooit-weer/1001004011766618/,Nooit Weer,"[""Nooit Weer"", nil]","[""Nooit Weer"", nil]","[""//s.s-bol.com/imgbase0/imagebase/thumb/FC/8/1/6/6/1001004011766618.jpg"", nil]",http://www.bol.com/nl/p/nooit-weer/1001004011766618/,Nooit Weer,"[""http://s.s-bol.com/imgbase0/imagebase/thumb/FC/8/1/6/6/1001004011766618.jpg"", ""http://s.s-bol.com/nl/static/images/main/tool_tip.gif""]"
/nl/p/skylar-hoyt/1001004011507196/,Skylar Hoyt,"[""Skylar Hoyt"", nil]","[""Skylar Hoyt"", nil]","[""//s.s-bol.com/imgbase0/imagebase/thumb/FC/6/9/1/7/1001004011507196.jpg"", nil]",http://www.bol.com/nl/p/skylar-hoyt/1001004011507196/,Skylar Hoyt,"[""http://s.s-bol.com/imgbase0/imagebase/thumb/FC/6/9/1/7/1001004011507196.jpg"", ""http://s.s-bol.com/nl/static/images/main/tool_tip.gif""]"
/nl/p/iets-van-mij/1001004011542561/,Iets van mij,"[""Iets van mij"", nil]","[""Iets van mij"", nil]","[""//s.s-bol.com/imgbase0/imagebase/thumb/FC/1/6/5/2/1001004011542561.jpg"", nil]",http://www.bol.com/nl/p/iets-van-mij/1001004011542561/,Iets van mij,"[""http://s.s-bol.com/imgbase0/imagebase/thumb/FC/1/6/5/2/1001004011542561.jpg"", ""http://s.s-bol.com/nl/static/images/main/tool_tip.gif""]"
/nl/p/en-plotseling-ben-je-van-hem/1001004011558927/,En plotseling ben je van hem,"[""En plotseling ben je van hem"", nil]","[""En plotseling ben je van hem"", nil]","[""//s.s-bol.com/imgbase0/imagebase/thumb/FC/7/2/9/8/1001004011558927.jpg"", nil]",http://www.bol.com/nl/p/en-plotseling-ben-je-van-hem/1001004011558927/,En plotseling ben je van hem,"[""http://s.s-bol.com/imgbase0/imagebase/thumb/FC/7/2/9/8/1001004011558927.jpg"", ""http://s.s-bol.com/nl/static/images/main/tool_tip.gif""]"
/nl/p/kruistocht/1001004011300685/,Kruistocht,"[""Kruistocht"", nil]","[""Kruistocht"", nil]","[""//s.s-bol.com/imgbase0/imagebase/thumb/FC/5/8/6/0/1001004011300685.jpg"", nil]",http://www.bol.com/nl/p/kruistocht/1001004011300685/,Kruistocht,"[""http://s.s-bol.com/imgbase0/imagebase/thumb/FC/5/8/6/0/1001004011300685.jpg"", ""http://s.s-bol.com/nl/static/images/main/tool_tip.gif""]"
/nl/p/kus-me-kus-me-niet/1001004011542737/,Kus Me Kus Me Niet,Kus Me Kus Me Niet,Kus Me Kus Me Niet,//s.s-bol.com/imgbase0/imagebase/thumb/FC/7/3/7/2/1001004011542737.jpg,http://www.bol.com/nl/p/kus-me-kus-me-niet/1001004011542737/,Kus Me Kus Me Niet,http://s.s-bol.com/imgbase0/imagebase/thumb/FC/7/3/7/2/1001004011542737.jpg
/nl/p/slotakkoord-in-cairo/1001004011820975/,Slotakkoord In Cairo,"[""Slotakkoord In Cairo"", nil]","[""Slotakkoord In Cairo"", nil]","[""//s.s-bol.com/imgbase0/imagebase/thumb/FC/5/7/9/0/1001004011820975.jpg"", nil]",http://www.bol.com/nl/p/slotakkoord-in-cairo/1001004011820975/,Slotakkoord In Cairo,"[""http://s.s-bol.com/imgbase0/imagebase/thumb/FC/5/7/9/0/1001004011820975.jpg"", ""http://s.s-bol.com/nl/static/images/main/tool_tip.gif""]"
/nl/p/chantage/1001004011533494/,Chantage,"[""Chantage"", nil]","[""Chantage"", nil]","[""//s.s-bol.com/imgbase0/imagebase/thumb/FC/4/9/4/3/1001004011533494.jpg"", nil]",http://www.bol.com/nl/p/chantage/1001004011533494/,Chantage,"[""http://s.s-bol.com/imgbase0/imagebase/thumb/FC/4/9/4/3/1001004011533494.jpg"", ""http://s.s-bol.com/nl/static/images/main/tool_tip.gif""]"
/nl/p/eerste-kus/1001004011533496/,Eerste kus,"[""Eerste kus"", nil]","[""Eerste kus"", nil]","[""//s.s-bol.com/imgbase0/imagebase/thumb/FC/6/9/4/3/1001004011533496.jpg"", nil]",http://www.bol.com/nl/p/eerste-kus/1001004011533496/,Eerste kus,"[""http://s.s-bol.com/imgbase0/imagebase/thumb/FC/6/9/4/3/1001004011533496.jpg"", ""http://s.s-bol.com/nl/static/images/main/tool_tip.gif""]"
/nl/p/steeds-minder-mij/1001004011533495/,Steeds minder mij,"[""Steeds minder mij"", nil]","[""Steeds minder mij"", nil]","[""//s.s-bol.com/imgbase0/imagebase/thumb/FC/5/9/4/3/1001004011533495.jpg"", nil]",http://www.bol.com/nl/p/steeds-minder-mij/1001004011533495/,Steeds minder mij,"[""http://s.s-bol.com/imgbase0/imagebase/thumb/FC/5/9/4/3/1001004011533495.jpg"", ""http://s.s-bol.com/nl/static/images/main/tool_tip.gif""]"
/nl/p/als-flamingo-s-op-het-schoolplein-staan/1001004011528703/,Als Flamingo's Op Het Schoolplein Staan,"[""Als Flamingo's Op Het Schoolplein Staan"", nil]","[""Als Flamingo's Op Het Schoolplein Staan"", nil]","[""//s.s-bol.com/imgbase0/imagebase/thumb/FC/3/0/7/8/1001004011528703.jpg"", nil]",http://www.bol.com/nl/p/als-flamingo-s-op-het-schoolplein-staan/1001004011528703/,Als Flamingo's Op Het Schoolplein Staan,"[""http://s.s-bol.com/imgbase0/imagebase/thumb/FC/3/0/7/8/1001004011528703.jpg"", ""http://s.s-bol.com/nl/static/images/main/tool_tip.gif""]"
/nl/p/josephine/1001004011295997/,Josephine,Josephine,Josephine,//s.s-bol.com/imgbase0/imagebase/thumb/FC/7/9/9/5/1001004011295997.jpg,http://www.bol.com/nl/p/josephine/1001004011295997/,Josephine,http://s.s-bol.com/imgbase0/imagebase/thumb/FC/7/9/9/5/1001004011295997.jpg
/nl/p/rijmsoep/1001004011273967/,Rijmsoep,"[""Rijmsoep"", nil]","[""Rijmsoep"", nil]","[""//s.s-bol.com/imgbase0/imagebase/thumb/FC/7/6/9/3/1001004011273967.jpg"", nil]",http://www.bol.com/nl/p/rijmsoep/1001004011273967/,Rijmsoep,"[""http://s.s-bol.com/imgbase0/imagebase/thumb/FC/7/6/9/3/1001004011273967.jpg"", ""http://s.s-bol.com/nl/static/images/main/tool_tip.gif""]"
/nl/p/dit-is-mijn-dag/1001004011257142/,Dit Is Mijn Dag,"[""Dit Is Mijn Dag"", nil]","[""Dit Is Mijn Dag"", nil]","[""//s.s-bol.com/imgbase0/imagebase/thumb/FC/2/4/1/7/1001004011257142.jpg"", nil]",http://www.bol.com/nl/p/dit-is-mijn-dag/1001004011257142/,Dit Is Mijn Dag,"[""http://s.s-bol.com/imgbase0/imagebase/thumb/FC/2/4/1/7/1001004011257142.jpg"", ""http://s.s-bol.com/nl/static/images/main/tool_tip.gif""]"
/nl/p/de-ruimtereis/1001004011552321/,De ruimtereis,"[""De ruimtereis"", nil]","[""De ruimtereis"", nil]","[""//s.s-bol.com/imgbase0/imagebase3/thumb/FC/1/2/3/2/1001004011552321.jpg"", nil]",http://www.bol.com/nl/p/de-ruimtereis/1001004011552321/,De ruimtereis,"[""http://s.s-bol.com/imgbase0/imagebase3/thumb/FC/1/2/3/2/1001004011552321.jpg"", ""http://s.s-bol.com/nl/static/images/main/tool_tip.gif""]"
/nl/p/de-ontvoering/1001004011191837/,De ontvoering,"[""De ontvoering"", nil]","[""De ontvoering"", nil]","[""//s.s-bol.com/imgbase0/imagebase/thumb/FC/7/3/8/1/1001004011191837.jpg"", nil]",http://www.bol.com/nl/p/de-ontvoering/1001004011191837/,De ontvoering,"[""http://s.s-bol.com/imgbase0/imagebase/thumb/FC/7/3/8/1/1001004011191837.jpg"", ""http://s.s-bol.com/nl/static/images/main/tool_tip.gif""]"
/nl/p/vamoose/1001004011698607/,Vamoose,"[""Vamoose"", nil]","[""Vamoose"", nil]","[""//s.s-bol.com/imgbase0/imagebase/thumb/FC/7/0/6/8/1001004011698607.jpg"", nil]",http://www.bol.com/nl/p/vamoose/1001004011698607/,Vamoose,"[""http://s.s-bol.com/imgbase0/imagebase/thumb/FC/7/0/6/8/1001004011698607.jpg"", ""http://s.s-bol.com/nl/static/images/main/tool_tip.gif""]"
/nl/p/verborgen-schat/9200000000037623/,Verborgen Schat,"[""Verborgen Schat"", nil]","[""Verborgen Schat"", nil]","[""//s.s-bol.com/imgbase0/imagebase/thumb/FC/3/2/6/7/9200000000037623.jpg"", nil]",http://www.bol.com/nl/p/verborgen-schat/9200000000037623/,Verborgen Schat,"[""http://s.s-bol.com/imgbase0/imagebase/thumb/FC/3/2/6/7/9200000000037623.jpg"", ""http://s.s-bol.com/nl/static/images/main/tool_tip.gif""]"
/nl/p/een-zomer-om-nooit-te-vergeten/1001004010970104/,Een Zomer Om Nooit Te Vergeten,"[""Een Zomer Om Nooit Te Vergeten"", nil]","[""Een Zomer Om Nooit Te Vergeten"", nil]","[""//s.s-bol.com/imgbase0/imagebase/thumb/FC/4/0/1/0/1001004010970104.jpg"", nil]",http://www.bol.com/nl/p/een-zomer-om-nooit-te-vergeten/1001004010970104/,Een Zomer Om Nooit Te Vergeten,"[""http://s.s-bol.com/imgbase0/imagebase/thumb/FC/4/0/1/0/1001004010970104.jpg"", ""http://s.s-bol.com/nl/static/images/main/tool_tip.gif""]"
/nl/p/my-favorite-notes-by-gosupermodel/1001004010938502/,My Favorite Notes by goSupermodel,"[""My Favorite Notes by goSupermodel"", nil]","[""My Favorite Notes by goSupermodel"", nil]","[""//s.s-bol.com/imgbase0/imagebase/thumb/FC/2/0/5/8/1001004010938502.jpg"", nil]",http://www.bol.com/nl/p/my-favorite-notes-by-gosupermodel/1001004010938502/,My Favorite Notes by goSupermodel,"[""http://s.s-bol.com/imgbase0/imagebase/thumb/FC/2/0/5/8/1001004010938502.jpg"", ""http://s.s-bol.com/nl/static/images/main/tool_tip.gif""]"
/nl/p/draakje/1001004005413616/,Draakje,Draakje,Draakje,//s.s-bol.com/imgbase0/imagebase/thumb/FC/6/1/6/3/1001004005413616.jpg,http://www.bol.com/nl/p/draakje/1001004005413616/,Draakje,http://s.s-bol.com/imgbase0/imagebase/thumb/FC/6/1/6/3/1001004005413616.jpg
/nl/p/actie/1001004010970103/,Actie!,Actie!,Actie!,//s.s-bol.com/imgbase0/imagebase/thumb/FC/3/0/1/0/1001004010970103.jpg,http://www.bol.com/nl/p/actie/1001004010970103/,Actie!,http://s.s-bol.com/imgbase0/imagebase/thumb/FC/3/0/1/0/1001004010970103.jpg
/nl/p/korte-lontjes/1001004010965980/,Korte Lontjes,"[""Korte Lontjes"", nil]","[""Korte Lontjes"", nil]","[""//s.s-bol.com/imgbase0/imagebase/thumb/FC/0/8/9/5/1001004010965980.jpg"", nil]",http://www.bol.com/nl/p/korte-lontjes/1001004010965980/,Korte Lontjes,"[""http://s.s-bol.com/imgbase0/imagebase/thumb/FC/0/8/9/5/1001004010965980.jpg"", ""http://s.s-bol.com/nl/static/images/main/tool_tip.gif""]"
/nl/p/morgen-toen-de-oorlog-begon/1001004010936610/,Morgen toen de oorlog begon,"[""Morgen toen de oorlog begon"", nil]","[""Morgen toen de oorlog begon"", nil]","[""//s.s-bol.com/imgbase0/imagebase/thumb/FC/0/1/6/6/1001004010936610.jpg"", nil]",http://www.bol.com/nl/p/morgen-toen-de-oorlog-begon/1001004010936610/,Morgen toen de oorlog begon,"[""http://s.s-bol.com/imgbase0/imagebase/thumb/FC/0/1/6/6/1001004010936610.jpg"", ""http://s.s-bol.com/nl/static/images/main/tool_tip.gif""]"
/nl/p/kookkunstjes-recepten-voor-studenten/1001004010936534/,Kookkunstjes / Recepten voor studenten,Kookkunstjes / Recepten voor studenten,Kookkunstjes / Recepten voor studenten,//s.s-bol.com/imgbase0/imagebase/thumb/FC/4/3/5/6/1001004010936534.jpg,http://www.bol.com/nl/p/kookkunstjes-recepten-voor-studenten/1001004010936534/,Kookkunstjes / Recepten voor studenten,http://s.s-bol.com/imgbase0/imagebase/thumb/FC/4/3/5/6/1001004010936534.jpg
/nl/p/de-adelaar/1001004010965923/,De Adelaar,"[""De Adelaar"", nil]","[""De Adelaar"", nil]","[""//s.s-bol.com/imgbase0/imagebase/thumb/FC/3/2/9/5/1001004010965923.jpg"", nil]",http://www.bol.com/nl/p/de-adelaar/1001004010965923/,De Adelaar,"[""http://s.s-bol.com/imgbase0/imagebase/thumb/FC/3/2/9/5/1001004010965923.jpg"", ""http://s.s-bol.com/nl/static/images/main/tool_tip.gif""]"
/nl/p/kookkunstjes-espumas-en-mousses/1001004010936530/,Kookkunstjes / Espumas en mousses,"[""Kookkunstjes / Espumas en mousses"", nil]","[""Kookkunstjes / Espumas en mousses"", nil]","[""//s.s-bol.com/imgbase0/imagebase/thumb/FC/0/3/5/6/1001004010936530.jpg"", nil]",http://www.bol.com/nl/p/kookkunstjes-espumas-en-mousses/1001004010936530/,Kookkunstjes / Espumas en mousses,"[""http://s.s-bol.com/imgbase0/imagebase/thumb/FC/0/3/5/6/1001004010936530.jpg"", ""http://s.s-bol.com/nl/static/images/main/tool_tip.gif""]"
/nl/p/carmen-op-de-catwalk/1001004010949198/,Carmen op de catwalk,"[""Carmen op de catwalk"", nil]","[""Carmen op de catwalk"", nil]","[""//s.s-bol.com/imgbase0/imagebase/thumb/FC/8/9/1/9/1001004010949198.jpg"", nil]",http://www.bol.com/nl/p/carmen-op-de-catwalk/1001004010949198/,Carmen op de catwalk,"[""http://s.s-bol.com/imgbase0/imagebase/thumb/FC/8/9/1/9/1001004010949198.jpg"", ""http://s.s-bol.com/nl/static/images/main/tool_tip.gif""]"
/nl/p/ik-ben-nummer-vier/1001004010946603/,Ik ben nummer vier,"[""Ik ben nummer vier"", nil]","[""Ik ben nummer vier"", nil]","[""//s.s-bol.com/imgbase0/imagebase/thumb/FC/3/0/6/6/1001004010946603.jpg"", nil]",http://www.bol.com/nl/p/ik-ben-nummer-vier/1001004010946603/,Ik ben nummer vier,"[""http://s.s-bol.com/imgbase0/imagebase/thumb/FC/3/0/6/6/1001004010946603.jpg"", ""http://s.s-bol.com/nl/static/images/main/tool_tip.gif""]"
/nl/p/tussen-hemel-en-aarde/1001004010294033/,Tussen hemel en aarde,"[""Tussen hemel en aarde"", nil]","[""Tussen hemel en aarde"", nil]","[""//s.s-bol.com/imgbase0/imagebase/thumb/FC/3/3/0/4/1001004010294033.jpg"", nil]",http://www.bol.com/nl/p/tussen-hemel-en-aarde/1001004010294033/,Tussen hemel en aarde,"[""http://s.s-bol.com/imgbase0/imagebase/thumb/FC/3/3/0/4/1001004010294033.jpg"", ""http://s.s-bol.com/nl/static/images/main/tool_tip.gif""]"
/nl/p/jij-tegen-mij/1001004010209226/,Jij tegen mij,"[""Jij tegen mij"", nil]","[""Jij tegen mij"", nil]","[""//s.s-bol.com/imgbase0/imagebase/thumb/FC/6/2/2/9/1001004010209226.jpg"", nil]",http://www.bol.com/nl/p/jij-tegen-mij/1001004010209226/,Jij tegen mij,"[""http://s.s-bol.com/imgbase0/imagebase/thumb/FC/6/2/2/9/1001004010209226.jpg"", ""http://s.s-bol.com/nl/static/images/main/tool_tip.gif""]"
/nl/p/borre-en-borre-en-borre-en-borre/1001004010912371/,Borre en borre en borre en borre,"[""Borre en borre en borre en borre"", nil]","[""Borre en borre en borre en borre"", nil]","[""//s.s-bol.com/imgbase0/imagebase/thumb/FC/1/7/3/2/1001004010912371.jpg"", nil]",http://www.bol.com/nl/p/borre-en-borre-en-borre-en-borre/1001004010912371/,Borre en borre en borre en borre,"[""http://s.s-bol.com/imgbase0/imagebase/thumb/FC/1/7/3/2/1001004010912371.jpg"", ""http://s.s-bol.com/nl/static/images/main/tool_tip.gif""]"
/nl/p/borre-en-het-spook-van-ss-de-boterham/1001004010912369/,Borre en het spook van ss de boterham,"[""Borre en het spook van ss de boterham"", nil]","[""Borre en het spook van ss de boterham"", nil]","[""//s.s-bol.com/imgbase0/imagebase/thumb/FC/9/6/3/2/1001004010912369.jpg"", nil]",http://www.bol.com/nl/p/borre-en-het-spook-van-ss-de-boterham/1001004010912369/,Borre en het spook van ss de boterham,"[""http://s.s-bol.com/imgbase0/imagebase/thumb/FC/9/6/3/2/1001004010912369.jpg"", ""http://s.s-bol.com/nl/static/images/main/tool_tip.gif""]"
/nl/p/borre-en-radio-reken-maar-van-jazz/1001004010912370/,Borre en radio reken maar van jazz,"[""Borre en radio reken maar van jazz"", nil]","[""Borre en radio reken maar van jazz"", nil]","[""//s.s-bol.com/imgbase0/imagebase/thumb/FC/0/7/3/2/1001004010912370.jpg"", nil]",http://www.bol.com/nl/p/borre-en-radio-reken-maar-van-jazz/1001004010912370/,Borre en radio reken maar van jazz,"[""http://s.s-bol.com/imgbase0/imagebase/thumb/FC/0/7/3/2/1001004010912370.jpg"", ""http://s.s-bol.com/nl/static/images/main/tool_tip.gif""]"
/nl/p/eeuwig-verbond/1001004010208662/,Eeuwig Verbond,"[""Eeuwig Verbond"", nil]","[""Eeuwig Verbond"", nil]","[""//s.s-bol.com/imgbase0/imagebase/thumb/FC/2/6/6/8/1001004010208662.jpg"", nil]",http://www.bol.com/nl/p/eeuwig-verbond/1001004010208662/,Eeuwig Verbond,"[""http://s.s-bol.com/imgbase0/imagebase/thumb/FC/2/6/6/8/1001004010208662.jpg"", ""http://s.s-bol.com/nl/static/images/main/tool_tip.gif""]"
/nl/p/commotie-rond-een-prototype/1001004010922519/,Commotie Rond Een Prototype,"[""Commotie Rond Een Prototype"", nil]","[""Commotie Rond Een Prototype"", nil]","[""//s.s-bol.com/imgbase0/imagebase/thumb/FC/9/1/5/2/1001004010922519.jpg"", nil]",http://www.bol.com/nl/p/commotie-rond-een-prototype/1001004010922519/,Commotie Rond Een Prototype,"[""http://s.s-bol.com/imgbase0/imagebase/thumb/FC/9/1/5/2/1001004010922519.jpg"", ""http://s.s-bol.com/nl/static/images/main/tool_tip.gif""]"
/nl/p/bedelen/1001004010374004/,Bedelen,Bedelen,Bedelen,//s.s-bol.com/imgbase0/imagebase/thumb/FC/4/0/0/4/1001004010374004.jpg,http://www.bol.com/nl/p/bedelen/1001004010374004/,Bedelen,http://s.s-bol.com/imgbase0/imagebase/thumb/FC/4/0/0/4/1001004010374004.jpg
/nl/p/twilight/1001004010466977/,Twilight,"[""Twilight"", nil]","[""Twilight"", nil]","[""//s.s-bol.com/imgbase0/imagebase/thumb/FC/7/7/9/6/1001004010466977.jpg"", nil]",http://www.bol.com/nl/p/twilight/1001004010466977/,Twilight,"[""http://s.s-bol.com/imgbase0/imagebase/thumb/FC/7/7/9/6/1001004010466977.jpg"", ""http://s.s-bol.com/nl/static/images/main/tool_tip.gif""]"
/nl/p/liefdesverdriet/1001004010213968/,Liefdesverdriet,"[""Liefdesverdriet"", nil]","[""Liefdesverdriet"", nil]","[""//s.s-bol.com/imgbase0/imagebase/thumb/FC/8/6/9/3/1001004010213968.jpg"", nil]",http://www.bol.com/nl/p/liefdesverdriet/1001004010213968/,Liefdesverdriet,"[""http://s.s-bol.com/imgbase0/imagebase/thumb/FC/8/6/9/3/1001004010213968.jpg"", ""http://s.s-bol.com/nl/static/images/main/tool_tip.gif""]"
/nl/p/redskins-in-vrije-val/1001004010908918/,Redskins in vrije val,"[""Redskins in vrije val"", nil]","[""Redskins in vrije val"", nil]","[""//s.s-bol.com/imgbase0/imagebase/thumb/FC/8/1/9/8/1001004010908918.jpg"", nil]",http://www.bol.com/nl/p/redskins-in-vrije-val/1001004010908918/,Redskins in vrije val,"[""http://s.s-bol.com/imgbase0/imagebase/thumb/FC/8/1/9/8/1001004010908918.jpg"", ""http://s.s-bol.com/nl/static/images/main/tool_tip.gif""]"
/nl/p/verrassend-anders/1001004001536238/,Verrassend Anders,"[""Verrassend Anders"", nil]","[""Verrassend Anders"", nil]","[""//s.s-bol.com/imgbase0/imagebase/thumb/FC/8/3/2/6/1001004001536238.jpg"", nil]",http://www.bol.com/nl/p/verrassend-anders/1001004001536238/,Verrassend Anders,"[""http://s.s-bol.com/imgbase0/imagebase/thumb/FC/8/3/2/6/1001004001536238.jpg"", ""http://s.s-bol.com/nl/static/images/main/tool_tip.gif""]"
/nl/p/de-insluiper/1001004010210214/,De Insluiper,"[""De Insluiper"", nil]","[""De Insluiper"", nil]","[""//s.s-bol.com/imgbase0/imagebase/thumb/FC/4/1/2/0/1001004010210214.jpg"", nil]",http://www.bol.com/nl/p/de-insluiper/1001004010210214/,De Insluiper,"[""http://s.s-bol.com/imgbase0/imagebase/thumb/FC/4/1/2/0/1001004010210214.jpg"", ""http://s.s-bol.com/nl/static/images/main/tool_tip.gif""]"
/nl/p/tijgerlelie/1001004010672208/,Tijgerlelie,Tijgerlelie,Tijgerlelie,//s.s-bol.com/imgbase0/imagebase/thumb/FC/8/0/2/2/1001004010672208.jpg,http://www.bol.com/nl/p/tijgerlelie/1001004010672208/,Tijgerlelie,http://s.s-bol.com/imgbase0/imagebase/thumb/FC/8/0/2/2/1001004010672208.jpg
/nl/p/schatten-uit-het-verleden/1001004010293911/,Schatten uit het verleden,"[""Schatten uit het verleden"", nil]","[""Schatten uit het verleden"", nil]","[""//s.s-bol.com/imgbase0/imagebase/thumb/FC/1/1/9/3/1001004010293911.jpg"", nil]",http://www.bol.com/nl/p/schatten-uit-het-verleden/1001004010293911/,Schatten uit het verleden,"[""http://s.s-bol.com/imgbase0/imagebase/thumb/FC/1/1/9/3/1001004010293911.jpg"", ""http://s.s-bol.com/nl/static/images/main/tool_tip.gif""]"
/nl/p/de-belofte/1001004009993099/,De belofte,"[""De belofte"", nil]","[""De belofte"", nil]","[""//s.s-bol.com/imgbase0/imagebase/thumb/FC/9/9/0/3/1001004009993099.jpg"", nil]",http://www.bol.com/nl/p/de-belofte/1001004009993099/,De belofte,"[""http://s.s-bol.com/imgbase0/imagebase/thumb/FC/9/9/0/3/1001004009993099.jpg"", ""http://s.s-bol.com/nl/static/images/main/tool_tip.gif""]"
/nl/p/vluchtweg/1001004008504066/,Vluchtweg,"[""Vluchtweg"", nil]","[""Vluchtweg"", nil]","[""//s.s-bol.com/imgbase0/imagebase/thumb/FC/6/6/0/4/1001004008504066.jpg"", nil]",http://www.bol.com/nl/p/vluchtweg/1001004008504066/,Vluchtweg,"[""http://s.s-bol.com/imgbase0/imagebase/thumb/FC/6/6/0/4/1001004008504066.jpg"", ""http://s.s-bol.com/nl/static/images/main/tool_tip.gif""]"
/nl/p/ik-kom-altijd-uit-bij-jou/1001004008250474/,Ik kom altijd uit bij jou,"[""Ik kom altijd uit bij jou"", nil]","[""Ik kom altijd uit bij jou"", nil]","[""//s.s-bol.com/imgbase0/imagebase/thumb/FC/4/7/4/0/1001004008250474.jpg"", nil]",http://www.bol.com/nl/p/ik-kom-altijd-uit-bij-jou/1001004008250474/,Ik kom altijd uit bij jou,"[""http://s.s-bol.com/imgbase0/imagebase/thumb/FC/4/7/4/0/1001004008250474.jpg"", ""http://s.s-bol.com/nl/static/images/main/tool_tip.gif""]"
/nl/p/een-kast-vol-kleren/1001004010307937/,Een kast vol kleren,Een kast vol kleren,Een kast vol kleren,//s.s-bol.com/imgbase0/imagebase/thumb/FC/7/3/9/7/1001004010307937.jpg,http://www.bol.com/nl/p/een-kast-vol-kleren/1001004010307937/,Een kast vol kleren,http://s.s-bol.com/imgbase0/imagebase/thumb/FC/7/3/9/7/1001004010307937.jpg
/nl/p/tropisch-complot/1001004007516005/,Tropisch complot,"[""Tropisch complot"", nil]","[""Tropisch complot"", nil]","[""//s.s-bol.com/imgbase0/imagebase/thumb/FC/5/0/0/6/1001004007516005.jpg"", nil]",http://www.bol.com/nl/p/tropisch-complot/1001004007516005/,Tropisch complot,"[""http://s.s-bol.com/imgbase0/imagebase/thumb/FC/5/0/0/6/1001004007516005.jpg"", ""http://s.s-bol.com/nl/static/images/main/tool_tip.gif""]"
/nl/p/stoer/1001004009904064/,Stoer !,"[""Stoer !"", nil]","[""Stoer !"", nil]","[""//s.s-bol.com/imgbase0/imagebase/thumb/FC/4/6/0/4/1001004009904064.jpg"", nil]",http://www.bol.com/nl/p/stoer/1001004009904064/,Stoer !,"[""http://s.s-bol.com/imgbase0/imagebase/thumb/FC/4/6/0/4/1001004009904064.jpg"", ""http://s.s-bol.com/nl/static/images/main/tool_tip.gif""]"
/nl/p/hoe-overleef-ik-mezelf/1001004006548933/,Hoe overleef ik mezelf?,Hoe overleef ik mezelf?,Hoe overleef ik mezelf?,//s.s-bol.com/imgbase0/imagebase/thumb/FC/3/3/9/8/1001004006548933.jpg,http://www.bol.com/nl/p/hoe-overleef-ik-mezelf/1001004006548933/,Hoe overleef ik mezelf?,http://s.s-bol.com/imgbase0/imagebase/thumb/FC/3/3/9/8/1001004006548933.jpg
/nl/p/honderd-deurtjes/1001004006218332/,Honderd Deurtjes,"[""Honderd Deurtjes"", nil]","[""Honderd Deurtjes"", nil]","[""//s.s-bol.com/imgbase0/imagebase/thumb/FC/2/3/3/8/1001004006218332.jpg"", nil]",http://www.bol.com/nl/p/honderd-deurtjes/1001004006218332/,Honderd Deurtjes,"[""http://s.s-bol.com/imgbase0/imagebase/thumb/FC/2/3/3/8/1001004006218332.jpg"", ""http://s.s-bol.com/nl/static/images/main/tool_tip.gif""]"
/nl/p/loco-quiz-groep-7/1001004010300597/,Loco Quiz / Groep 7,"[""Loco Quiz / Groep 7"", nil]","[""Loco Quiz / Groep 7"", nil]","[""//s.s-bol.com/imgbase0/imagebase/thumb/FC/7/9/5/0/1001004010300597.jpg"", nil]",http://www.bol.com/nl/p/loco-quiz-groep-7/1001004010300597/,Loco Quiz / Groep 7,"[""http://s.s-bol.com/imgbase0/imagebase/thumb/FC/7/9/5/0/1001004010300597.jpg"", ""http://s.s-bol.com/nl/static/images/main/tool_tip.gif""]"
/nl/p/loco-quiz-voor-grote-mensen/1001004010295932/,Loco Quiz / Voor grote mensen,"[""Loco Quiz / Voor grote mensen"", nil]","[""Loco Quiz / Voor grote mensen"", nil]","[""//s.s-bol.com/imgbase0/imagebase/thumb/FC/2/3/9/5/1001004010295932.jpg"", nil]",http://www.bol.com/nl/p/loco-quiz-voor-grote-mensen/1001004010295932/,Loco Quiz / Voor grote mensen,"[""http://s.s-bol.com/imgbase0/imagebase/thumb/FC/2/3/9/5/1001004010295932.jpg"", ""http://s.s-bol.com/nl/static/images/main/tool_tip.gif""]"
/nl/p/loco-quiz-groep-8/1001004010295935/,Loco Quiz / Groep 8,"[""Loco Quiz / Groep 8"", nil]","[""Loco Quiz / Groep 8"", nil]","[""//s.s-bol.com/imgbase0/imagebase/thumb/FC/5/3/9/5/1001004010295935.jpg"", nil]",http://www.bol.com/nl/p/loco-quiz-groep-8/1001004010295935/,Loco Quiz / Groep 8,"[""http://s.s-bol.com/imgbase0/imagebase/thumb/FC/5/3/9/5/1001004010295935.jpg"", ""http://s.s-bol.com/nl/static/images/main/tool_tip.gif""]"
/nl/p/gedumpt/1001004009241825/,Gedumpt,"[""Gedumpt"", nil]","[""Gedumpt"", nil]","[""//s.s-bol.com/imgbase0/imagebase/thumb/FC/5/2/8/1/1001004009241825.jpg"", nil]",http://www.bol.com/nl/p/gedumpt/1001004009241825/,Gedumpt,"[""http://s.s-bol.com/imgbase0/imagebase/thumb/FC/5/2/8/1/1001004009241825.jpg"", ""http://s.s-bol.com/nl/static/images/main/tool_tip.gif""]"
/nl/p/hotse-hiddes/1001004008187450/,Hotse Hiddes,"[""Hotse Hiddes"", nil]","[""Hotse Hiddes"", nil]","[""//s.s-bol.com/imgbase0/imagebase/thumb/FC/0/5/4/7/1001004008187450.jpg"", nil]",http://www.bol.com/nl/p/hotse-hiddes/1001004008187450/,Hotse Hiddes,"[""http://s.s-bol.com/imgbase0/imagebase/thumb/FC/0/5/4/7/1001004008187450.jpg"", ""http://s.s-bol.com/nl/static/images/main/tool_tip.gif""]"
/nl/p/kappen/1001004008257743/,Kappen !,Kappen !,Kappen !,//s.s-bol.com/imgbase0/imagebase/thumb/FC/3/4/7/7/1001004008257743.jpg,http://www.bol.com/nl/p/kappen/1001004008257743/,Kappen !,http://s.s-bol.com/imgbase0/imagebase/thumb/FC/3/4/7/7/1001004008257743.jpg
/nl/p/2-1/1001004007505459/,2 + 1,"[""2 + 1"", nil]","[""2 + 1"", nil]","[""//s.s-bol.com/imgbase0/imagebase/thumb/FC/9/5/4/5/1001004007505459.jpg"", nil]",http://www.bol.com/nl/p/2-1/1001004007505459/,2 + 1,"[""http://s.s-bol.com/imgbase0/imagebase/thumb/FC/9/5/4/5/1001004007505459.jpg"", ""http://s.s-bol.com/nl/static/images/main/tool_tip.gif""]"
/nl/p/kaat-in-het-ziekenhuis/1001004007508169/,Kaat in het ziekenhuis,"[""Kaat in het ziekenhuis"", nil]","[""Kaat in het ziekenhuis"", nil]","[""//s.s-bol.com/imgbase0/imagebase/thumb/FC/9/6/1/8/1001004007508169.jpg"", nil]",http://www.bol.com/nl/p/kaat-in-het-ziekenhuis/1001004007508169/,Kaat in het ziekenhuis,"[""http://s.s-bol.com/imgbase0/imagebase/thumb/FC/9/6/1/8/1001004007508169.jpg"", ""http://s.s-bol.com/nl/static/images/main/tool_tip.gif""]"
/nl/p/ik-besta/1001004007508090/,Ik besta!,"[""Ik besta!"", nil]","[""Ik besta!"", nil]","[""//s.s-bol.com/imgbase0/imagebase/thumb/FC/0/9/0/8/1001004007508090.jpg"", nil]",http://www.bol.com/nl/p/ik-besta/1001004007508090/,Ik besta!,"[""http://s.s-bol.com/imgbase0/imagebase/thumb/FC/0/9/0/8/1001004007508090.jpg"", ""http://s.s-bol.com/nl/static/images/main/tool_tip.gif""]"
/nl/p/over-the-edge/1001004007760626/,Over The Edge,"[""Over The Edge"", nil]","[""Over The Edge"", nil]","[""//s.s-bol.com/imgbase0/imagebase/thumb/FC/6/2/6/0/1001004007760626.jpg"", nil]",http://www.bol.com/nl/p/over-the-edge/1001004007760626/,Over The Edge,"[""http://s.s-bol.com/imgbase0/imagebase/thumb/FC/6/2/6/0/1001004007760626.jpg"", ""http://s.s-bol.com/nl/static/images/main/tool_tip.gif""]"
/nl/p/slangenkuil/1001004007516407/,Slangenkuil,"[""Slangenkuil"", nil]","[""Slangenkuil"", nil]","[""//s.s-bol.com/imgbase0/imagebase/thumb/FC/7/0/4/6/1001004007516407.jpg"", nil]",http://www.bol.com/nl/p/slangenkuil/1001004007516407/,Slangenkuil,"[""http://s.s-bol.com/imgbase0/imagebase/thumb/FC/7/0/4/6/1001004007516407.jpg"", ""http://s.s-bol.com/nl/static/images/main/tool_tip.gif""]"
/nl/p/love-street-13/1001004006851149/,Love street 13,"[""Love street 13"", nil]","[""Love street 13"", nil]","[""//s.s-bol.com/imgbase0/imagebase/thumb/FC/9/4/1/1/1001004006851149.jpg"", nil]",http://www.bol.com/nl/p/love-street-13/1001004006851149/,Love street 13,"[""http://s.s-bol.com/imgbase0/imagebase/thumb/FC/9/4/1/1/1001004006851149.jpg"", ""http://s.s-bol.com/nl/static/images/main/tool_tip.gif""]"
/nl/p/vlinders-vriendinnen/1001004007505464/,Vlinders & Vriendinnen,"[""Vlinders & Vriendinnen"", nil]","[""Vlinders & Vriendinnen"", nil]","[""//s.s-bol.com/imgbase0/imagebase/thumb/FC/4/6/4/5/1001004007505464.jpg"", nil]",http://www.bol.com/nl/p/vlinders-vriendinnen/1001004007505464/,Vlinders & Vriendinnen,"[""http://s.s-bol.com/imgbase0/imagebase/thumb/FC/4/6/4/5/1001004007505464.jpg"", ""http://s.s-bol.com/nl/static/images/main/tool_tip.gif""]"
/nl/p/noordhoff-basics-wereldorientatie-deel-oefenblok/1001004007798159/,Noordhoff Basics Wereldorintatie / deel Oefenblok,Noordhoff Basics Wereldorintatie / deel Oefenblok,Noordhoff Basics Wereldorintatie / deel Oefenblok,//s.s-bol.com/imgbase0/imagebase/thumb/FC/9/5/1/8/1001004007798159.jpg,http://www.bol.com/nl/p/noordhoff-basics-wereldorientatie-deel-oefenblok/1001004007798159/,Noordhoff Basics Wereldorintatie / deel Oefenblok,http://s.s-bol.com/imgbase0/imagebase/thumb/FC/9/5/1/8/1001004007798159.jpg
/nl/p/noordhoff-basics-taal/1001004007798152/,Noordhoff Basics Taal,Noordhoff Basics Taal,Noordhoff Basics Taal,//s.s-bol.com/imgbase0/imagebase/thumb/FC/2/5/1/8/1001004007798152.jpg,http://www.bol.com/nl/p/noordhoff-basics-taal/1001004007798152/,Noordhoff Basics Taal,http://s.s-bol.com/imgbase0/imagebase/thumb/FC/2/5/1/8/1001004007798152.jpg
/nl/p/noordhoff-basics-wereldorientatie/1001004007798153/,Noordhoff Basics Wereldorintatie,Noordhoff Basics Wereldorintatie,Noordhoff Basics Wereldorintatie,//s.s-bol.com/imgbase0/imagebase/thumb/FC/3/5/1/8/1001004007798153.jpg,http://www.bol.com/nl/p/noordhoff-basics-wereldorientatie/1001004007798153/,Noordhoff Basics Wereldorintatie,http://s.s-bol.com/imgbase0/imagebase/thumb/FC/3/5/1/8/1001004007798153.jpg
/nl/p/in-het-sprookjesbos/1001004006855504/,In het sprookjesbos,"[""In het sprookjesbos"", nil]","[""In het sprookjesbos"", nil]","[""//s.s-bol.com/imgbase0/imagebase/thumb/FC/4/0/5/5/1001004006855504.jpg"", nil]",http://www.bol.com/nl/p/in-het-sprookjesbos/1001004006855504/,In het sprookjesbos,"[""http://s.s-bol.com/imgbase0/imagebase/thumb/FC/4/0/5/5/1001004006855504.jpg"", ""http://s.s-bol.com/nl/static/images/main/tool_tip.gif""]"
/nl/p/hittegolf/1001004006422013/,Hittegolf,"[""Hittegolf"", nil]","[""Hittegolf"", nil]","[""//s.s-bol.com/imgbase0/imagebase/thumb/FC/3/1/0/2/1001004006422013.jpg"", nil]",http://www.bol.com/nl/p/hittegolf/1001004006422013/,Hittegolf,"[""http://s.s-bol.com/imgbase0/imagebase/thumb/FC/3/1/0/2/1001004006422013.jpg"", ""http://s.s-bol.com/nl/static/images/main/tool_tip.gif""]"
/nl/p/zoenen-voor-beginners/1001004007147679/,Zoenen voor beginners,Zoenen voor beginners,Zoenen voor beginners,//s.s-bol.com/imgbase0/imagebase/thumb/FC/9/7/6/7/1001004007147679.jpg,http://www.bol.com/nl/p/zoenen-voor-beginners/1001004007147679/,Zoenen voor beginners,http://s.s-bol.com/imgbase0/imagebase/thumb/FC/9/7/6/7/1001004007147679.jpg
/nl/p/het-spannende-avonturenboek-voor-jongens/1001004006832992/,Het Spannende Avonturenboek Voor Jongens,Het Spannende Avonturenboek Voor Jongens,Het Spannende Avonturenboek Voor Jongens,//s.s-bol.com/imgbase0/imagebase/thumb/FC/2/9/9/2/1001004006832992.jpg,http://www.bol.com/nl/p/het-spannende-avonturenboek-voor-jongens/1001004006832992/,Het Spannende Avonturenboek Voor Jongens,http://s.s-bol.com/imgbase0/imagebase/thumb/FC/2/9/9/2/1001004006832992.jpg
/nl/p/je-bent-van-mij/1001004006871061/,Je bent van mij !,"[""Je bent van mij !"", nil]","[""Je bent van mij !"", nil]","[""//s.s-bol.com/imgbase0/imagebase/thumb/FC/1/6/0/1/1001004006871061.jpg"", nil]",http://www.bol.com/nl/p/je-bent-van-mij/1001004006871061/,Je bent van mij !,"[""http://s.s-bol.com/imgbase0/imagebase/thumb/FC/1/6/0/1/1001004006871061.jpg"", ""http://s.s-bol.com/nl/static/images/main/tool_tip.gif""]"
/nl/p/kijken-naar-jou-uit-duizend-ogen/1001004006832584/,Kijken Naar Jou Uit Duizend Ogen,"[""Kijken Naar Jou Uit Duizend Ogen"", nil]","[""Kijken Naar Jou Uit Duizend Ogen"", nil]","[""//s.s-bol.com/imgbase0/imagebase/thumb/FC/4/8/5/2/1001004006832584.jpg"", nil]",http://www.bol.com/nl/p/kijken-naar-jou-uit-duizend-ogen/1001004006832584/,Kijken Naar Jou Uit Duizend Ogen,"[""http://s.s-bol.com/imgbase0/imagebase/thumb/FC/4/8/5/2/1001004006832584.jpg"", ""http://s.s-bol.com/nl/static/images/main/tool_tip.gif""]"
/nl/p/het-boek-van-max-berg/1001004006859956/,Het boek van Max Berg,"[""Het boek van Max Berg"", nil]","[""Het boek van Max Berg"", nil]","[""//s.s-bol.com/imgbase0/imagebase/thumb/FC/6/5/9/9/1001004006859956.jpg"", nil]",http://www.bol.com/nl/p/het-boek-van-max-berg/1001004006859956/,Het boek van Max Berg,"[""http://s.s-bol.com/imgbase0/imagebase/thumb/FC/6/5/9/9/1001004006859956.jpg"", ""http://s.s-bol.com/nl/static/images/main/tool_tip.gif""]"
/nl/p/freakshow-trilogie-film-editie/1001004006540007/,Freakshow trilogie - film editie,"[""Freakshow trilogie - film editie"", nil]","[""Freakshow trilogie - film editie"", nil]","[""//s.s-bol.com/imgbase0/imagebase/thumb/FC/7/0/0/0/1001004006540007.jpg"", nil]",http://www.bol.com/nl/p/freakshow-trilogie-film-editie/1001004006540007/,Freakshow trilogie - film editie,"[""http://s.s-bol.com/imgbase0/imagebase/thumb/FC/7/0/0/0/1001004006540007.jpg"", ""http://s.s-bol.com/nl/static/images/main/tool_tip.gif""]"
/nl/p/het-iq-spel/1001004006850704/,Het IQ spel,"[""Het IQ spel"", nil]","[""Het IQ spel"", nil]","[""//s.s-bol.com/imgbase0/imagebase/thumb/FC/4/0/7/0/1001004006850704.jpg"", nil]",http://www.bol.com/nl/p/het-iq-spel/1001004006850704/,Het IQ spel,"[""http://s.s-bol.com/imgbase0/imagebase/thumb/FC/4/0/7/0/1001004006850704.jpg"", ""http://s.s-bol.com/nl/static/images/main/tool_tip.gif""]"
/nl/p/koningin-van-het-web/1001004006850263/,Koningin van het web,Koningin van het web,Koningin van het web,//s.s-bol.com/imgbase0/BOOKCOVER/FC/9/0/8/1/3/9081329022.gif,http://www.bol.com/nl/p/koningin-van-het-web/1001004006850263/,Koningin van het web,http://s.s-bol.com/imgbase0/BOOKCOVER/FC/9/0/8/1/3/9081329022.gif
/nl/p/noordhoff-aardrijkskunde-in-je-pocket/1001004007118423/,Noordhoff Aardrijkskunde in je pocket,"[""Noordhoff Aardrijkskunde in je pocket"", nil]","[""Noordhoff Aardrijkskunde in je pocket"", nil]","[""//s.s-bol.com/imgbase0/imagebase/thumb/FC/3/2/4/8/1001004007118423.jpg"", nil]",http://www.bol.com/nl/p/noordhoff-aardrijkskunde-in-je-pocket/1001004007118423/,Noordhoff Aardrijkskunde in je pocket,"[""http://s.s-bol.com/imgbase0/imagebase/thumb/FC/3/2/4/8/1001004007118423.jpg"", ""http://s.s-bol.com/nl/static/images/main/tool_tip.gif""]"
/nl/p/achter-tralies/1001004006831883/,Achter tralies,"[""Achter tralies"", nil]","[""Achter tralies"", nil]","[""//s.s-bol.com/imgbase0/BOOKCOVER/FC/9/0/2/5/1/9025111033.gif"", nil]",http://www.bol.com/nl/p/achter-tralies/1001004006831883/,Achter tralies,"[""http://s.s-bol.com/imgbase0/BOOKCOVER/FC/9/0/2/5/1/9025111033.gif"", ""http://s.s-bol.com/nl/static/images/main/tool_tip.gif""]"
/nl/p/lover-of-loser/1001004006831321/,Lover of Loser,"[""Lover of Loser"", nil]","[""Lover of Loser"", nil]","[""//s.s-bol.com/imgbase0/imagebase/thumb/FC/1/2/3/1/1001004006831321.jpg"", nil]",http://www.bol.com/nl/p/lover-of-loser/1001004006831321/,Lover of Loser,"[""http://s.s-bol.com/imgbase0/imagebase/thumb/FC/1/2/3/1/1001004006831321.jpg"", ""http://s.s-bol.com/nl/static/images/main/tool_tip.gif""]"
/nl/p/pijnstillers/1001004006529088/,Pijnstillers,Pijnstillers,Pijnstillers,//s.s-bol.com/imgbase0/BOOKCOVER/FC/9/0/4/9/9/9049923763.gif,http://www.bol.com/nl/p/pijnstillers/1001004006529088/,Pijnstillers,http://s.s-bol.com/imgbase0/BOOKCOVER/FC/9/0/4/9/9/9049923763.gif
/nl/p/noordhoff-geschiedenis-in-je-pocket/1001004007090742/,Noordhoff Geschiedenis in je pocket,"[""Noordhoff Geschiedenis in je pocket"", nil]","[""Noordhoff Geschiedenis in je pocket"", nil]","[""//s.s-bol.com/imgbase0/imagebase/thumb/FC/2/4/7/0/1001004007090742.jpg"", nil]",http://www.bol.com/nl/p/noordhoff-geschiedenis-in-je-pocket/1001004007090742/,Noordhoff Geschiedenis in je pocket,"[""http://s.s-bol.com/imgbase0/imagebase/thumb/FC/2/4/7/0/1001004007090742.jpg"", ""http://s.s-bol.com/nl/static/images/main/tool_tip.gif""]"
/nl/p/uitgespeeld/1001004006539890/,Uitgespeeld,Uitgespeeld,Uitgespeeld,//s.s-bol.com/imgbase0/imagebase/thumb/FC/0/9/8/9/1001004006539890.jpg,http://www.bol.com/nl/p/uitgespeeld/1001004006539890/,Uitgespeeld,http://s.s-bol.com/imgbase0/imagebase/thumb/FC/0/9/8/9/1001004006539890.jpg
/nl/p/paulus-de-boskabouter-21-het-bretonse-beest/1001004006738997/,Paulus de boskabouter / 21 het bretonse beest,"[""Paulus de boskabouter / 21 het bretonse beest"", nil]","[""Paulus de boskabouter / 21 het bretonse beest"", nil]","[""//s.s-bol.com/imgbase0/imagebase/thumb/FC/7/9/9/8/1001004006738997.jpg"", nil]",http://www.bol.com/nl/p/paulus-de-boskabouter-21-het-bretonse-beest/1001004006738997/,Paulus de boskabouter / 21 het bretonse beest,"[""http://s.s-bol.com/imgbase0/imagebase/thumb/FC/7/9/9/8/1001004006738997.jpg"", ""http://s.s-bol.com/nl/static/images/main/tool_tip.gif""]"
/nl/p/paulus-de-boskabouter-22-het-hoedenfeest/1001004006738998/,Paulus de boskabouter / 22 het hoedenfeest,"[""Paulus de boskabouter / 22 het hoedenfeest"", nil]","[""Paulus de boskabouter / 22 het hoedenfeest"", nil]","[""//s.s-bol.com/imgbase0/imagebase/thumb/FC/8/9/9/8/1001004006738998.jpg"", nil]",http://www.bol.com/nl/p/paulus-de-boskabouter-22-het-hoedenfeest/1001004006738998/,Paulus de boskabouter / 22 het hoedenfeest,"[""http://s.s-bol.com/imgbase0/imagebase/thumb/FC/8/9/9/8/1001004006738998.jpg"", ""http://s.s-bol.com/nl/static/images/main/tool_tip.gif""]"
/nl/p/gossip-girl-deel-de-passie/1001004006413652/,Gossip Girl - Deel de passie,"[""Gossip Girl - Deel de passie"", nil]","[""Gossip Girl - Deel de passie"", nil]","[""//s.s-bol.com/imgbase0/imagebase/thumb/FC/2/5/6/3/1001004006413652.jpg"", nil]",http://www.bol.com/nl/p/gossip-girl-deel-de-passie/1001004006413652/,Gossip Girl - Deel de passie,"[""http://s.s-bol.com/imgbase0/imagebase/thumb/FC/2/5/6/3/1001004006413652.jpg"", ""http://s.s-bol.com/nl/static/images/main/tool_tip.gif""]"
/nl/p/bedreigd/1001004006452448/,Bedreigd,Bedreigd,Bedreigd,//s.s-bol.com/imgbase0/imagebase/thumb/FC/8/4/4/2/1001004006452448.jpg,http://www.bol.com/nl/p/bedreigd/1001004006452448/,Bedreigd,http://s.s-bol.com/imgbase0/imagebase/thumb/FC/8/4/4/2/1001004006452448.jpg
/nl/p/wonen-en-kopen-in-oostenrijk/1001004006734748/,Wonen en kopen in Oostenrijk,Wonen en kopen in Oostenrijk,Wonen en kopen in Oostenrijk,//s.s-bol.com/imgbase0/imagebase/thumb/FC/8/4/7/4/1001004006734748.jpg,http://www.bol.com/nl/p/wonen-en-kopen-in-oostenrijk/1001004006734748/,Wonen en kopen in Oostenrijk,http://s.s-bol.com/imgbase0/imagebase/thumb/FC/8/4/7/4/1001004006734748.jpg
/nl/p/ga-voor-groen/1001004006414185/,Ga voor groen,"[""Ga voor groen"", nil]","[""Ga voor groen"", nil]","[""//s.s-bol.com/imgbase0/imagebase/thumb/FC/5/8/1/4/1001004006414185.jpg"", nil]",http://www.bol.com/nl/p/ga-voor-groen/1001004006414185/,Ga voor groen,"[""http://s.s-bol.com/imgbase0/imagebase/thumb/FC/5/8/1/4/1001004006414185.jpg"", ""http://s.s-bol.com/nl/static/images/main/tool_tip.gif""]"
/nl/p/vakantievriendinnen/1001004006404913/,Vakantievriendinnen,"[""Vakantievriendinnen"", nil]","[""Vakantievriendinnen"", nil]","[""//s.s-bol.com/imgbase0/imagebase/thumb/FC/3/1/9/4/1001004006404913.jpg"", nil]",http://www.bol.com/nl/p/vakantievriendinnen/1001004006404913/,Vakantievriendinnen,"[""http://s.s-bol.com/imgbase0/imagebase/thumb/FC/3/1/9/4/1001004006404913.jpg"", ""http://s.s-bol.com/nl/static/images/main/tool_tip.gif""]"
/nl/p/bloedmooi/1001004006559645/,Bloedmooi,Bloedmooi,Bloedmooi,//s.s-bol.com/imgbase0/imagebase/thumb/FC/5/4/6/9/1001004006559645.jpg,http://www.bol.com/nl/p/bloedmooi/1001004006559645/,Bloedmooi,http://s.s-bol.com/imgbase0/imagebase/thumb/FC/5/4/6/9/1001004006559645.jpg
/nl/p/verliefd-zijn-is-een-ramp/1001004006426033/,Verliefd zijn is een ramp,Verliefd zijn is een ramp,Verliefd zijn is een ramp,//s.s-bol.com/imgbase0/imagebase/thumb/FC/3/3/0/6/1001004006426033.jpg,http://www.bol.com/nl/p/verliefd-zijn-is-een-ramp/1001004006426033/,Verliefd zijn is een ramp,http://s.s-bol.com/imgbase0/imagebase/thumb/FC/3/3/0/6/1001004006426033.jpg
